﻿<?xml version="1.0" encoding="utf-8"?><Element xmlns:xsi="http://www.w3.org/2001/XMLSchema-instance" xmlns:xsd="http://www.w3.org/2001/XMLSchema" Name="9074" ShortName="Текстовый ввод" UngroupedName="Диалог.Текстовый ввод" Tag="9074"><ID TaskNumber="0" ItemID="9074" RawItemID="0" TypeHash="0" Path="" STType="" UIDType="Inner"><Owner TaskNumber="0" ItemID="9074" RawItemID="0" TypeHash="0" STType="" UIDType="Inner" /></ID><UsedSTTypes><string>STRING</string><string>DINT</string><string>LREAL</string><string>HMI.SolidColorType</string><string>HMI.TileType</string><string>BOOL</string><string>HMI.KeyboardType</string><string>HMI.KeyboardVisibilityType</string><string>INT</string><string>HMI.GradientColorType</string><string>HMI.BorderStyleType</string><string>HMI.AttachType</string><string>HMI.LayoutType</string><string>HMI.DockType</string><string>HMI.HorizontalAlignType</string><string>HMI.VerticalAlignType</string><string>HMI.MouseCursorKinds</string><string>BYTE</string><string>HMI.SizeType</string><string>HMI.ProportionType</string></UsedSTTypes><Parameters><Parameter Name="Образ" ShortName="8986" Tag="8986" Role="SkinResource" Value=""><ID TaskNumber="0" ItemID="8986" RawItemID="0" TypeHash="4" Path="" STType="STRING" UIDType="Inner"><Owner TaskNumber="0" ItemID="9074" RawItemID="0" TypeHash="0" STType="" UIDType="Inner" /></ID><Parent TaskNumber="0" ItemID="9074" RawItemID="0" TypeHash="0" Path="" STType="" UIDType="Inner"><Owner TaskNumber="0" ItemID="9074" RawItemID="0" TypeHash="0" STType="" UIDType="Inner" /></Parent><IsValueFromTheme>false</IsValueFromTheme><HasSubTypeName>true</HasSubTypeName><Connections /><IsDynamized>false</IsDynamized><ContiniuosUpdate>false</ContiniuosUpdate></Parameter><Parameter Name="Порядок Z" ShortName="8987" Tag="8987" Role="Z" Value="0"><ID TaskNumber="0" ItemID="8987" RawItemID="0" TypeHash="6" Path="" STType="DINT" UIDType="Inner"><Owner TaskNumber="0" ItemID="9074" RawItemID="0" TypeHash="0" STType="" UIDType="Inner" /></ID><Parent TaskNumber="0" ItemID="9074" RawItemID="0" TypeHash="0" Path="" STType="" UIDType="Inner"><Owner TaskNumber="0" ItemID="9074" RawItemID="0" TypeHash="0" STType="" UIDType="Inner" /></Parent><IsValueFromTheme>false</IsValueFromTheme><HasSubTypeName>true</HasSubTypeName><Connections /><IsDynamized>false</IsDynamized><ContiniuosUpdate>false</ContiniuosUpdate></Parameter><Parameter Name="Ширина" ShortName="8947" Tag="8947" Role="Width" Value="80"><ID TaskNumber="0" ItemID="8947" RawItemID="0" TypeHash="1" Path="" STType="LREAL" UIDType="Inner"><Owner TaskNumber="0" ItemID="9074" RawItemID="0" TypeHash="0" STType="" UIDType="Inner" /></ID><Parent TaskNumber="0" ItemID="9074" RawItemID="0" TypeHash="0" Path="" STType="" UIDType="Inner"><Owner TaskNumber="0" ItemID="9074" RawItemID="0" TypeHash="0" STType="" UIDType="Inner" /></Parent><IsValueFromTheme>false</IsValueFromTheme><HasSubTypeName>true</HasSubTypeName><Connections /><IsDynamized>false</IsDynamized><ContiniuosUpdate>false</ContiniuosUpdate></Parameter><Parameter Name="Высота" ShortName="8948" Tag="8948" Role="Height" Value="20"><ID TaskNumber="0" ItemID="8948" RawItemID="0" TypeHash="1" Path="" STType="LREAL" UIDType="Inner"><Owner TaskNumber="0" ItemID="9074" RawItemID="0" TypeHash="0" STType="" UIDType="Inner" /></ID><Parent TaskNumber="0" ItemID="9074" RawItemID="0" TypeHash="0" Path="" STType="" UIDType="Inner"><Owner TaskNumber="0" ItemID="9074" RawItemID="0" TypeHash="0" STType="" UIDType="Inner" /></Parent><IsValueFromTheme>false</IsValueFromTheme><HasSubTypeName>true</HasSubTypeName><Connections /><IsDynamized>false</IsDynamized><ContiniuosUpdate>false</ContiniuosUpdate></Parameter><Parameter Name="Угол поворота" ShortName="8949" Tag="8949" Role="Angle" Value="0"><ID TaskNumber="0" ItemID="8949" RawItemID="0" TypeHash="1" Path="" STType="LREAL" UIDType="Inner"><Owner TaskNumber="0" ItemID="9074" RawItemID="0" TypeHash="0" STType="" UIDType="Inner" /></ID><Parent TaskNumber="0" ItemID="9074" RawItemID="0" TypeHash="0" Path="" STType="" UIDType="Inner"><Owner TaskNumber="0" ItemID="9074" RawItemID="0" TypeHash="0" STType="" UIDType="Inner" /></Parent><IsValueFromTheme>false</IsValueFromTheme><HasSubTypeName>true</HasSubTypeName><Connections /><IsDynamized>false</IsDynamized><ContiniuosUpdate>false</ContiniuosUpdate></Parameter><Parameter Name="Масштаб Y" ShortName="8951" Tag="8951" Role="ScaleY" Value="1"><ID TaskNumber="0" ItemID="8951" RawItemID="0" TypeHash="1" Path="" STType="LREAL" UIDType="Inner"><Owner TaskNumber="0" ItemID="9074" RawItemID="0" TypeHash="0" STType="" UIDType="Inner" /></ID><Parent TaskNumber="0" ItemID="9074" RawItemID="0" TypeHash="0" Path="" STType="" UIDType="Inner"><Owner TaskNumber="0" ItemID="9074" RawItemID="0" TypeHash="0" STType="" UIDType="Inner" /></Parent><IsValueFromTheme>false</IsValueFromTheme><HasSubTypeName>true</HasSubTypeName><Connections /><IsDynamized>false</IsDynamized><ContiniuosUpdate>false</ContiniuosUpdate></Parameter><Parameter Name="Масштаб X" ShortName="8950" Tag="8950" Role="ScaleX" Value="1"><ID TaskNumber="0" ItemID="8950" RawItemID="0" TypeHash="1" Path="" STType="LREAL" UIDType="Inner"><Owner TaskNumber="0" ItemID="9074" RawItemID="0" TypeHash="0" STType="" UIDType="Inner" /></ID><Parent TaskNumber="0" ItemID="9074" RawItemID="0" TypeHash="0" Path="" STType="" UIDType="Inner"><Owner TaskNumber="0" ItemID="9074" RawItemID="0" TypeHash="0" STType="" UIDType="Inner" /></Parent><IsValueFromTheme>false</IsValueFromTheme><HasSubTypeName>true</HasSubTypeName><Connections /><IsDynamized>false</IsDynamized><ContiniuosUpdate>false</ContiniuosUpdate></Parameter><Parameter Name="Толщина рамки" ShortName="8952" Tag="8952" Role="BorderThickness" Value="1"><ID TaskNumber="0" ItemID="8952" RawItemID="0" TypeHash="1" Path="" STType="LREAL" UIDType="Inner"><Owner TaskNumber="0" ItemID="9074" RawItemID="0" TypeHash="0" STType="" UIDType="Inner" /></ID><Parent TaskNumber="0" ItemID="9074" RawItemID="0" TypeHash="0" Path="" STType="" UIDType="Inner"><Owner TaskNumber="0" ItemID="9074" RawItemID="0" TypeHash="0" STType="" UIDType="Inner" /></Parent><IsValueFromTheme>false</IsValueFromTheme><HasSubTypeName>true</HasSubTypeName><Connections /><IsDynamized>false</IsDynamized><ContiniuosUpdate>false</ContiniuosUpdate></Parameter><Parameter Name="Цвет рамки" ShortName="8953" Tag="8953" Role="BorderColor" Value="GRAY"><ID TaskNumber="0" ItemID="8953" RawItemID="0" TypeHash="4" Path="" STType="HMI.SolidColorType" UIDType="Inner"><Owner TaskNumber="0" ItemID="9074" RawItemID="0" TypeHash="0" STType="" UIDType="Inner" /></ID><Parent TaskNumber="0" ItemID="9074" RawItemID="0" TypeHash="0" Path="" STType="" UIDType="Inner"><Owner TaskNumber="0" ItemID="9074" RawItemID="0" TypeHash="0" STType="" UIDType="Inner" /></Parent><IsValueFromTheme>false</IsValueFromTheme><HasSubTypeName>true</HasSubTypeName><Connections /><IsDynamized>false</IsDynamized><ContiniuosUpdate>false</ContiniuosUpdate></Parameter><Parameter Name="Замостка фона" ShortName="8977" Tag="8977" Role="BackgroundTile" Value="2"><ID TaskNumber="0" ItemID="8977" RawItemID="0" TypeHash="5" Path="" STType="HMI.TileType" UIDType="Inner"><Owner TaskNumber="0" ItemID="9074" RawItemID="0" TypeHash="0" STType="" UIDType="Inner" /></ID><Parent TaskNumber="0" ItemID="9074" RawItemID="0" TypeHash="0" Path="" STType="" UIDType="Inner"><Owner TaskNumber="0" ItemID="9074" RawItemID="0" TypeHash="0" STType="" UIDType="Inner" /></Parent><IsValueFromTheme>false</IsValueFromTheme><HasSubTypeName>true</HasSubTypeName><Connections /><IsDynamized>false</IsDynamized><ContiniuosUpdate>false</ContiniuosUpdate></Parameter><Parameter Name="Видимость" ShortName="8980" Tag="8980" Role="IsVisible" Value="True"><ID TaskNumber="0" ItemID="8980" RawItemID="0" TypeHash="3" Path="" STType="BOOL" UIDType="Inner"><Owner TaskNumber="0" ItemID="9074" RawItemID="0" TypeHash="0" STType="" UIDType="Inner" /></ID><Parent TaskNumber="0" ItemID="9074" RawItemID="0" TypeHash="0" Path="" STType="" UIDType="Inner"><Owner TaskNumber="0" ItemID="9074" RawItemID="0" TypeHash="0" STType="" UIDType="Inner" /></Parent><IsValueFromTheme>false</IsValueFromTheme><HasSubTypeName>true</HasSubTypeName><Connections /><IsDynamized>false</IsDynamized><ContiniuosUpdate>false</ContiniuosUpdate></Parameter><Parameter Name="Тип клавиатуры" ShortName="8965" Tag="8965" Role="KeyboardType" Value="1"><ID TaskNumber="0" ItemID="8965" RawItemID="0" TypeHash="5" Path="" STType="HMI.KeyboardType" UIDType="Inner"><Owner TaskNumber="0" ItemID="9074" RawItemID="0" TypeHash="0" STType="" UIDType="Inner" /></ID><Parent TaskNumber="0" ItemID="9074" RawItemID="0" TypeHash="0" Path="" STType="" UIDType="Inner"><Owner TaskNumber="0" ItemID="9074" RawItemID="0" TypeHash="0" STType="" UIDType="Inner" /></Parent><IsValueFromTheme>false</IsValueFromTheme><HasSubTypeName>true</HasSubTypeName><Connections /><IsDynamized>false</IsDynamized><ContiniuosUpdate>false</ContiniuosUpdate></Parameter><Parameter Name="Видимость клавиатуры" ShortName="8966" Tag="8966" Role="KeyboardVisibility" Value="0"><ID TaskNumber="0" ItemID="8966" RawItemID="0" TypeHash="5" Path="" STType="HMI.KeyboardVisibilityType" UIDType="Inner"><Owner TaskNumber="0" ItemID="9074" RawItemID="0" TypeHash="0" STType="" UIDType="Inner" /></ID><Parent TaskNumber="0" ItemID="9074" RawItemID="0" TypeHash="0" Path="" STType="" UIDType="Inner"><Owner TaskNumber="0" ItemID="9074" RawItemID="0" TypeHash="0" STType="" UIDType="Inner" /></Parent><IsValueFromTheme>false</IsValueFromTheme><HasSubTypeName>true</HasSubTypeName><Connections /><IsDynamized>false</IsDynamized><ContiniuosUpdate>false</ContiniuosUpdate></Parameter><Parameter Name="Максимальная длина ввода" ShortName="8967" Tag="8967" Role="MaxLength" Value="1000"><ID TaskNumber="0" ItemID="8967" RawItemID="0" TypeHash="6" Path="" STType="INT" UIDType="Inner"><Owner TaskNumber="0" ItemID="9074" RawItemID="0" TypeHash="0" STType="" UIDType="Inner" /></ID><Parent TaskNumber="0" ItemID="9074" RawItemID="0" TypeHash="0" Path="" STType="" UIDType="Inner"><Owner TaskNumber="0" ItemID="9074" RawItemID="0" TypeHash="0" STType="" UIDType="Inner" /></Parent><IsValueFromTheme>false</IsValueFromTheme><HasSubTypeName>true</HasSubTypeName><Connections /><IsDynamized>false</IsDynamized><ContiniuosUpdate>false</ContiniuosUpdate></Parameter><Parameter Name="Маска ввода" ShortName="8968" Tag="8968" Role="Mask" Value=""><ID TaskNumber="0" ItemID="8968" RawItemID="0" TypeHash="4" Path="" STType="STRING" UIDType="Inner"><Owner TaskNumber="0" ItemID="9074" RawItemID="0" TypeHash="0" STType="" UIDType="Inner" /></ID><Parent TaskNumber="0" ItemID="9074" RawItemID="0" TypeHash="0" Path="" STType="" UIDType="Inner"><Owner TaskNumber="0" ItemID="9074" RawItemID="0" TypeHash="0" STType="" UIDType="Inner" /></Parent><IsValueFromTheme>false</IsValueFromTheme><HasSubTypeName>true</HasSubTypeName><Connections /><IsDynamized>false</IsDynamized><ContiniuosUpdate>false</ContiniuosUpdate></Parameter><Parameter Name="Только чтение" ShortName="8973" Tag="8973" Role="IsReadonly" Value="False"><ID TaskNumber="0" ItemID="8973" RawItemID="0" TypeHash="3" Path="" STType="BOOL" UIDType="Inner"><Owner TaskNumber="0" ItemID="9074" RawItemID="0" TypeHash="0" STType="" UIDType="Inner" /></ID><Parent TaskNumber="0" ItemID="9074" RawItemID="0" TypeHash="0" Path="" STType="" UIDType="Inner"><Owner TaskNumber="0" ItemID="9074" RawItemID="0" TypeHash="0" STType="" UIDType="Inner" /></Parent><IsValueFromTheme>false</IsValueFromTheme><HasSubTypeName>true</HasSubTypeName><Connections /><IsDynamized>false</IsDynamized><ContiniuosUpdate>false</ContiniuosUpdate></Parameter><Parameter Name="Заливка фона" ShortName="8969" Tag="8969" Role="BackgroundColor" Value="rgb(208,208,208)"><ID TaskNumber="0" ItemID="8969" RawItemID="0" TypeHash="4" Path="" STType="HMI.GradientColorType" UIDType="Inner"><Owner TaskNumber="0" ItemID="9074" RawItemID="0" TypeHash="0" STType="" UIDType="Inner" /></ID><Parent TaskNumber="0" ItemID="9074" RawItemID="0" TypeHash="0" Path="" STType="" UIDType="Inner"><Owner TaskNumber="0" ItemID="9074" RawItemID="0" TypeHash="0" STType="" UIDType="Inner" /></Parent><IsValueFromTheme>false</IsValueFromTheme><HasSubTypeName>true</HasSubTypeName><Connections /><IsDynamized>false</IsDynamized><ContiniuosUpdate>false</ContiniuosUpdate></Parameter><Parameter Name="Прозрачность" ShortName="8954" Tag="8954" Role="Opacity" Value="100"><ID TaskNumber="0" ItemID="8954" RawItemID="0" TypeHash="1" Path="" STType="LREAL" UIDType="Inner"><Owner TaskNumber="0" ItemID="9074" RawItemID="0" TypeHash="0" STType="" UIDType="Inner" /></ID><Parent TaskNumber="0" ItemID="9074" RawItemID="0" TypeHash="0" Path="" STType="" UIDType="Inner"><Owner TaskNumber="0" ItemID="9074" RawItemID="0" TypeHash="0" STType="" UIDType="Inner" /></Parent><IsValueFromTheme>false</IsValueFromTheme><HasSubTypeName>true</HasSubTypeName><Connections /><IsDynamized>false</IsDynamized><ContiniuosUpdate>false</ContiniuosUpdate></Parameter><Parameter Name="Стиль рамки" ShortName="8983" Tag="8983" Role="BorderStyle" Value="0"><ID TaskNumber="0" ItemID="8983" RawItemID="0" TypeHash="5" Path="" STType="HMI.BorderStyleType" UIDType="Inner"><Owner TaskNumber="0" ItemID="9074" RawItemID="0" TypeHash="0" STType="" UIDType="Inner" /></ID><Parent TaskNumber="0" ItemID="9074" RawItemID="0" TypeHash="0" Path="" STType="" UIDType="Inner"><Owner TaskNumber="0" ItemID="9074" RawItemID="0" TypeHash="0" STType="" UIDType="Inner" /></Parent><IsValueFromTheme>false</IsValueFromTheme><HasSubTypeName>true</HasSubTypeName><Connections /><IsDynamized>false</IsDynamized><ContiniuosUpdate>false</ContiniuosUpdate></Parameter><Parameter Name="Всплывающая подсказка" ShortName="8962" Tag="8962" Role="ToolTip" Value=""><ID TaskNumber="0" ItemID="8962" RawItemID="0" TypeHash="4" Path="" STType="STRING" UIDType="Inner"><Owner TaskNumber="0" ItemID="9074" RawItemID="0" TypeHash="0" STType="" UIDType="Inner" /></ID><Parent TaskNumber="0" ItemID="9074" RawItemID="0" TypeHash="0" Path="" STType="" UIDType="Inner"><Owner TaskNumber="0" ItemID="9074" RawItemID="0" TypeHash="0" STType="" UIDType="Inner" /></Parent><IsValueFromTheme>false</IsValueFromTheme><HasSubTypeName>true</HasSubTypeName><Connections /><IsDynamized>false</IsDynamized><ContiniuosUpdate>false</ContiniuosUpdate></Parameter><Parameter Name="Мигание" ShortName="8976" Tag="8976" Role="Flash" Value="False"><ID TaskNumber="0" ItemID="8976" RawItemID="0" TypeHash="3" Path="" STType="BOOL" UIDType="Inner"><Owner TaskNumber="0" ItemID="9074" RawItemID="0" TypeHash="0" STType="" UIDType="Inner" /></ID><Parent TaskNumber="0" ItemID="9074" RawItemID="0" TypeHash="0" Path="" STType="" UIDType="Inner"><Owner TaskNumber="0" ItemID="9074" RawItemID="0" TypeHash="0" STType="" UIDType="Inner" /></Parent><IsValueFromTheme>false</IsValueFromTheme><HasSubTypeName>true</HasSubTypeName><Connections /><IsDynamized>false</IsDynamized><ContiniuosUpdate>false</ContiniuosUpdate></Parameter><Parameter Name="Размер тени" ShortName="8974" Tag="8974" Role="ShadowSize" Value="0"><ID TaskNumber="0" ItemID="8974" RawItemID="0" TypeHash="6" Path="" STType="DINT" UIDType="Inner"><Owner TaskNumber="0" ItemID="9074" RawItemID="0" TypeHash="0" STType="" UIDType="Inner" /></ID><Parent TaskNumber="0" ItemID="9074" RawItemID="0" TypeHash="0" Path="" STType="" UIDType="Inner"><Owner TaskNumber="0" ItemID="9074" RawItemID="0" TypeHash="0" STType="" UIDType="Inner" /></Parent><IsValueFromTheme>false</IsValueFromTheme><HasSubTypeName>true</HasSubTypeName><Connections /><IsDynamized>false</IsDynamized><ContiniuosUpdate>false</ContiniuosUpdate></Parameter><Parameter Name="Цвет тени" ShortName="8970" Tag="8970" Role="ShadowColor" Value="rgb(240,240,240)"><ID TaskNumber="0" ItemID="8970" RawItemID="0" TypeHash="4" Path="" STType="HMI.SolidColorType" UIDType="Inner"><Owner TaskNumber="0" ItemID="9074" RawItemID="0" TypeHash="0" STType="" UIDType="Inner" /></ID><Parent TaskNumber="0" ItemID="9074" RawItemID="0" TypeHash="0" Path="" STType="" UIDType="Inner"><Owner TaskNumber="0" ItemID="9074" RawItemID="0" TypeHash="0" STType="" UIDType="Inner" /></Parent><IsValueFromTheme>false</IsValueFromTheme><HasSubTypeName>true</HasSubTypeName><Connections /><IsDynamized>false</IsDynamized><ContiniuosUpdate>false</ContiniuosUpdate></Parameter><Parameter Name="Изображение фона" ShortName="8971" Tag="8971" Role="Resource" Value=""><ID TaskNumber="0" ItemID="8971" RawItemID="0" TypeHash="4" Path="" STType="STRING" UIDType="Inner"><Owner TaskNumber="0" ItemID="9074" RawItemID="0" TypeHash="0" STType="" UIDType="Inner" /></ID><Parent TaskNumber="0" ItemID="9074" RawItemID="0" TypeHash="0" Path="" STType="" UIDType="Inner"><Owner TaskNumber="0" ItemID="9074" RawItemID="0" TypeHash="0" STType="" UIDType="Inner" /></Parent><IsValueFromTheme>false</IsValueFromTheme><HasSubTypeName>true</HasSubTypeName><Connections /><IsDynamized>false</IsDynamized><ContiniuosUpdate>false</ContiniuosUpdate></Parameter><Parameter Name="Активность" ShortName="8981" Tag="8981" Role="IsEnabled" Value="True"><ID TaskNumber="0" ItemID="8981" RawItemID="0" TypeHash="3" Path="" STType="BOOL" UIDType="Inner"><Owner TaskNumber="0" ItemID="9074" RawItemID="0" TypeHash="0" STType="" UIDType="Inner" /></ID><Parent TaskNumber="0" ItemID="9074" RawItemID="0" TypeHash="0" Path="" STType="" UIDType="Inner"><Owner TaskNumber="0" ItemID="9074" RawItemID="0" TypeHash="0" STType="" UIDType="Inner" /></Parent><IsValueFromTheme>false</IsValueFromTheme><HasSubTypeName>true</HasSubTypeName><Connections /><IsDynamized>false</IsDynamized><ContiniuosUpdate>false</ContiniuosUpdate></Parameter><Parameter Name="Привязка клавиатуры" ShortName="8978" Tag="8978" Role="Attach" Value="0"><ID TaskNumber="0" ItemID="8978" RawItemID="0" TypeHash="5" Path="" STType="HMI.AttachType" UIDType="Inner"><Owner TaskNumber="0" ItemID="9074" RawItemID="0" TypeHash="0" STType="" UIDType="Inner" /></ID><Parent TaskNumber="0" ItemID="9074" RawItemID="0" TypeHash="0" Path="" STType="" UIDType="Inner"><Owner TaskNumber="0" ItemID="9074" RawItemID="0" TypeHash="0" STType="" UIDType="Inner" /></Parent><IsValueFromTheme>false</IsValueFromTheme><HasSubTypeName>true</HasSubTypeName><Connections /><IsDynamized>false</IsDynamized><ContiniuosUpdate>false</ContiniuosUpdate></Parameter><Parameter Name="Расположение клавиатуры" ShortName="8979" Tag="8979" Role="Layout" Value="1"><ID TaskNumber="0" ItemID="8979" RawItemID="0" TypeHash="5" Path="" STType="HMI.LayoutType" UIDType="Inner"><Owner TaskNumber="0" ItemID="9074" RawItemID="0" TypeHash="0" STType="" UIDType="Inner" /></ID><Parent TaskNumber="0" ItemID="9074" RawItemID="0" TypeHash="0" Path="" STType="" UIDType="Inner"><Owner TaskNumber="0" ItemID="9074" RawItemID="0" TypeHash="0" STType="" UIDType="Inner" /></Parent><IsValueFromTheme>false</IsValueFromTheme><HasSubTypeName>true</HasSubTypeName><Connections /><IsDynamized>false</IsDynamized><ContiniuosUpdate>false</ContiniuosUpdate></Parameter><Parameter Name="Клавиатурный индекс" ShortName="8982" Tag="8982" Role="TabIndex" Value="0"><ID TaskNumber="0" ItemID="8982" RawItemID="0" TypeHash="6" Path="" STType="DINT" UIDType="Inner"><Owner TaskNumber="0" ItemID="9074" RawItemID="0" TypeHash="0" STType="" UIDType="Inner" /></ID><Parent TaskNumber="0" ItemID="9074" RawItemID="0" TypeHash="0" Path="" STType="" UIDType="Inner"><Owner TaskNumber="0" ItemID="9074" RawItemID="0" TypeHash="0" STType="" UIDType="Inner" /></Parent><IsValueFromTheme>false</IsValueFromTheme><HasSubTypeName>true</HasSubTypeName><Connections /><IsDynamized>false</IsDynamized><ContiniuosUpdate>false</ContiniuosUpdate></Parameter><Parameter Name="Координата X" ShortName="8984" Tag="8984" Role="X" Value="0"><ID TaskNumber="0" ItemID="8984" RawItemID="0" TypeHash="1" Path="" STType="LREAL" UIDType="Inner"><Owner TaskNumber="0" ItemID="9074" RawItemID="0" TypeHash="0" STType="" UIDType="Inner" /></ID><Parent TaskNumber="0" ItemID="9074" RawItemID="0" TypeHash="0" Path="" STType="" UIDType="Inner"><Owner TaskNumber="0" ItemID="9074" RawItemID="0" TypeHash="0" STType="" UIDType="Inner" /></Parent><IsValueFromTheme>false</IsValueFromTheme><HasSubTypeName>true</HasSubTypeName><Connections /><IsDynamized>false</IsDynamized><ContiniuosUpdate>false</ContiniuosUpdate></Parameter><Parameter Name="Координата Y" ShortName="8985" Tag="8985" Role="Y" Value="0"><ID TaskNumber="0" ItemID="8985" RawItemID="0" TypeHash="1" Path="" STType="LREAL" UIDType="Inner"><Owner TaskNumber="0" ItemID="9074" RawItemID="0" TypeHash="0" STType="" UIDType="Inner" /></ID><Parent TaskNumber="0" ItemID="9074" RawItemID="0" TypeHash="0" Path="" STType="" UIDType="Inner"><Owner TaskNumber="0" ItemID="9074" RawItemID="0" TypeHash="0" STType="" UIDType="Inner" /></Parent><IsValueFromTheme>false</IsValueFromTheme><HasSubTypeName>true</HasSubTypeName><Connections /><IsDynamized>false</IsDynamized><ContiniuosUpdate>false</ContiniuosUpdate></Parameter><Parameter Name="Положение" ShortName="8988" Tag="8988" Role="DockStyle" Value="3"><ID TaskNumber="0" ItemID="8988" RawItemID="0" TypeHash="5" Path="" STType="HMI.DockType" UIDType="Inner"><Owner TaskNumber="0" ItemID="9074" RawItemID="0" TypeHash="0" STType="" UIDType="Inner" /></ID><Parent TaskNumber="0" ItemID="9074" RawItemID="0" TypeHash="0" Path="" STType="" UIDType="Inner"><Owner TaskNumber="0" ItemID="9074" RawItemID="0" TypeHash="0" STType="" UIDType="Inner" /></Parent><IsValueFromTheme>false</IsValueFromTheme><HasSubTypeName>true</HasSubTypeName><Connections /><IsDynamized>false</IsDynamized><ContiniuosUpdate>false</ContiniuosUpdate></Parameter><Parameter Name="Горизонтальное выравнивание" ShortName="8989" Tag="8989" Role="HorizontalAlign" Value="1"><ID TaskNumber="0" ItemID="8989" RawItemID="0" TypeHash="5" Path="" STType="HMI.HorizontalAlignType" UIDType="Inner"><Owner TaskNumber="0" ItemID="9074" RawItemID="0" TypeHash="0" STType="" UIDType="Inner" /></ID><Parent TaskNumber="0" ItemID="9074" RawItemID="0" TypeHash="0" Path="" STType="" UIDType="Inner"><Owner TaskNumber="0" ItemID="9074" RawItemID="0" TypeHash="0" STType="" UIDType="Inner" /></Parent><IsValueFromTheme>false</IsValueFromTheme><HasSubTypeName>true</HasSubTypeName><Connections /><IsDynamized>false</IsDynamized><ContiniuosUpdate>false</ContiniuosUpdate></Parameter><Parameter Name="Вертикальное выравнивание" ShortName="8990" Tag="8990" Role="VerticalAlign" Value="1"><ID TaskNumber="0" ItemID="8990" RawItemID="0" TypeHash="5" Path="" STType="HMI.VerticalAlignType" UIDType="Inner"><Owner TaskNumber="0" ItemID="9074" RawItemID="0" TypeHash="0" STType="" UIDType="Inner" /></ID><Parent TaskNumber="0" ItemID="9074" RawItemID="0" TypeHash="0" Path="" STType="" UIDType="Inner"><Owner TaskNumber="0" ItemID="9074" RawItemID="0" TypeHash="0" STType="" UIDType="Inner" /></Parent><IsValueFromTheme>false</IsValueFromTheme><HasSubTypeName>true</HasSubTypeName><Connections /><IsDynamized>false</IsDynamized><ContiniuosUpdate>false</ContiniuosUpdate></Parameter><Parameter Name="Вид курсора" ShortName="8992" Tag="8992" Role="MouseCursorKind" Value="0"><ID TaskNumber="0" ItemID="8992" RawItemID="0" TypeHash="5" Path="" STType="HMI.MouseCursorKinds" UIDType="Inner"><Owner TaskNumber="0" ItemID="9074" RawItemID="0" TypeHash="0" STType="" UIDType="Inner" /></ID><Parent TaskNumber="0" ItemID="9074" RawItemID="0" TypeHash="0" Path="" STType="" UIDType="Inner"><Owner TaskNumber="0" ItemID="9074" RawItemID="0" TypeHash="0" STType="" UIDType="Inner" /></Parent><IsValueFromTheme>false</IsValueFromTheme><HasSubTypeName>true</HasSubTypeName><Connections /><IsDynamized>false</IsDynamized><ContiniuosUpdate>false</ContiniuosUpdate></Parameter><Parameter Name="Текст" ShortName="8955" Tag="8955" Role="Text" Value=""><ID TaskNumber="0" ItemID="8955" RawItemID="0" TypeHash="4" Path="" STType="STRING" UIDType="Inner"><Owner TaskNumber="0" ItemID="9074" RawItemID="0" TypeHash="0" STType="" UIDType="Inner" /></ID><Parent TaskNumber="0" ItemID="9074" RawItemID="0" TypeHash="0" Path="" STType="" UIDType="Inner"><Owner TaskNumber="0" ItemID="9074" RawItemID="0" TypeHash="0" STType="" UIDType="Inner" /></Parent><IsValueFromTheme>false</IsValueFromTheme><HasSubTypeName>true</HasSubTypeName><Connections /><IsDynamized>false</IsDynamized><ContiniuosUpdate>false</ContiniuosUpdate></Parameter><Parameter Name="Шрифт" ShortName="8956" Tag="8956" Role="FontName" Value="Tahoma"><ID TaskNumber="0" ItemID="8956" RawItemID="0" TypeHash="4" Path="" STType="STRING" UIDType="Inner"><Owner TaskNumber="0" ItemID="9074" RawItemID="0" TypeHash="0" STType="" UIDType="Inner" /></ID><Parent TaskNumber="0" ItemID="9074" RawItemID="0" TypeHash="0" Path="" STType="" UIDType="Inner"><Owner TaskNumber="0" ItemID="9074" RawItemID="0" TypeHash="0" STType="" UIDType="Inner" /></Parent><IsValueFromTheme>false</IsValueFromTheme><HasSubTypeName>true</HasSubTypeName><Connections /><IsDynamized>false</IsDynamized><ContiniuosUpdate>false</ContiniuosUpdate></Parameter><Parameter Name="Размер текста" ShortName="8957" Tag="8957" Role="FontSize" Value="12"><ID TaskNumber="0" ItemID="8957" RawItemID="0" TypeHash="6" Path="" STType="BYTE" UIDType="Inner"><Owner TaskNumber="0" ItemID="9074" RawItemID="0" TypeHash="0" STType="" UIDType="Inner" /></ID><Parent TaskNumber="0" ItemID="9074" RawItemID="0" TypeHash="0" Path="" STType="" UIDType="Inner"><Owner TaskNumber="0" ItemID="9074" RawItemID="0" TypeHash="0" STType="" UIDType="Inner" /></Parent><IsValueFromTheme>false</IsValueFromTheme><HasSubTypeName>true</HasSubTypeName><Connections /><IsDynamized>false</IsDynamized><ContiniuosUpdate>false</ContiniuosUpdate></Parameter><Parameter Name="Горизонтальное выравнивание текста" ShortName="8958" Tag="8958" Role="TextHorizontalAlign" Value="1"><ID TaskNumber="0" ItemID="8958" RawItemID="0" TypeHash="5" Path="" STType="HMI.HorizontalAlignType" UIDType="Inner"><Owner TaskNumber="0" ItemID="9074" RawItemID="0" TypeHash="0" STType="" UIDType="Inner" /></ID><Parent TaskNumber="0" ItemID="9074" RawItemID="0" TypeHash="0" Path="" STType="" UIDType="Inner"><Owner TaskNumber="0" ItemID="9074" RawItemID="0" TypeHash="0" STType="" UIDType="Inner" /></Parent><IsValueFromTheme>false</IsValueFromTheme><HasSubTypeName>true</HasSubTypeName><Connections /><IsDynamized>false</IsDynamized><ContiniuosUpdate>false</ContiniuosUpdate></Parameter><Parameter Name="Вертикальное выравнивание текста" ShortName="8964" Tag="8964" Role="TextVerticalAlign" Value="0"><ID TaskNumber="0" ItemID="8964" RawItemID="0" TypeHash="5" Path="" STType="HMI.VerticalAlignType" UIDType="Inner"><Owner TaskNumber="0" ItemID="9074" RawItemID="0" TypeHash="0" STType="" UIDType="Inner" /></ID><Parent TaskNumber="0" ItemID="9074" RawItemID="0" TypeHash="0" Path="" STType="" UIDType="Inner"><Owner TaskNumber="0" ItemID="9074" RawItemID="0" TypeHash="0" STType="" UIDType="Inner" /></Parent><IsValueFromTheme>false</IsValueFromTheme><HasSubTypeName>true</HasSubTypeName><Connections /><IsDynamized>false</IsDynamized><ContiniuosUpdate>false</ContiniuosUpdate></Parameter><Parameter Name="Курсив" ShortName="8959" Tag="8959" Role="FontItalic" Value="False"><ID TaskNumber="0" ItemID="8959" RawItemID="0" TypeHash="3" Path="" STType="BOOL" UIDType="Inner"><Owner TaskNumber="0" ItemID="9074" RawItemID="0" TypeHash="0" STType="" UIDType="Inner" /></ID><Parent TaskNumber="0" ItemID="9074" RawItemID="0" TypeHash="0" Path="" STType="" UIDType="Inner"><Owner TaskNumber="0" ItemID="9074" RawItemID="0" TypeHash="0" STType="" UIDType="Inner" /></Parent><IsValueFromTheme>false</IsValueFromTheme><HasSubTypeName>true</HasSubTypeName><Connections /><IsDynamized>false</IsDynamized><ContiniuosUpdate>false</ContiniuosUpdate></Parameter><Parameter Name="Жирный" ShortName="8975" Tag="8975" Role="FontBold" Value="False"><ID TaskNumber="0" ItemID="8975" RawItemID="0" TypeHash="3" Path="" STType="BOOL" UIDType="Inner"><Owner TaskNumber="0" ItemID="9074" RawItemID="0" TypeHash="0" STType="" UIDType="Inner" /></ID><Parent TaskNumber="0" ItemID="9074" RawItemID="0" TypeHash="0" Path="" STType="" UIDType="Inner"><Owner TaskNumber="0" ItemID="9074" RawItemID="0" TypeHash="0" STType="" UIDType="Inner" /></Parent><IsValueFromTheme>false</IsValueFromTheme><HasSubTypeName>true</HasSubTypeName><Connections /><IsDynamized>false</IsDynamized><ContiniuosUpdate>false</ContiniuosUpdate></Parameter><Parameter Name="Многострочность" ShortName="8961" Tag="8961" Role="FontMultiline" Value="False"><ID TaskNumber="0" ItemID="8961" RawItemID="0" TypeHash="3" Path="" STType="BOOL" UIDType="Inner"><Owner TaskNumber="0" ItemID="9074" RawItemID="0" TypeHash="0" STType="" UIDType="Inner" /></ID><Parent TaskNumber="0" ItemID="9074" RawItemID="0" TypeHash="0" Path="" STType="" UIDType="Inner"><Owner TaskNumber="0" ItemID="9074" RawItemID="0" TypeHash="0" STType="" UIDType="Inner" /></Parent><IsValueFromTheme>false</IsValueFromTheme><HasSubTypeName>true</HasSubTypeName><Connections /><IsDynamized>false</IsDynamized><ContiniuosUpdate>false</ContiniuosUpdate></Parameter><Parameter Name="Подчеркнутый" ShortName="8960" Tag="8960" Role="FontUnderlined" Value="False"><ID TaskNumber="0" ItemID="8960" RawItemID="0" TypeHash="3" Path="" STType="BOOL" UIDType="Inner"><Owner TaskNumber="0" ItemID="9074" RawItemID="0" TypeHash="0" STType="" UIDType="Inner" /></ID><Parent TaskNumber="0" ItemID="9074" RawItemID="0" TypeHash="0" Path="" STType="" UIDType="Inner"><Owner TaskNumber="0" ItemID="9074" RawItemID="0" TypeHash="0" STType="" UIDType="Inner" /></Parent><IsValueFromTheme>false</IsValueFromTheme><HasSubTypeName>true</HasSubTypeName><Connections /><IsDynamized>false</IsDynamized><ContiniuosUpdate>false</ContiniuosUpdate></Parameter><Parameter Name="Использовать входящую связь только для отображения" ShortName="8991" Tag="8991" Role="NotSendBackwardConnection" Value="True"><ID TaskNumber="0" ItemID="8991" RawItemID="0" TypeHash="3" Path="" STType="BOOL" UIDType="Inner"><Owner TaskNumber="0" ItemID="9074" RawItemID="0" TypeHash="0" STType="" UIDType="Inner" /></ID><Parent TaskNumber="0" ItemID="9074" RawItemID="0" TypeHash="0" Path="" STType="" UIDType="Inner"><Owner TaskNumber="0" ItemID="9074" RawItemID="0" TypeHash="0" STType="" UIDType="Inner" /></Parent><IsValueFromTheme>false</IsValueFromTheme><HasSubTypeName>true</HasSubTypeName><Connections /><IsDynamized>false</IsDynamized><ContiniuosUpdate>false</ContiniuosUpdate></Parameter><Parameter Name="Радиус скругления" ShortName="8963" Tag="8963" Role="CornerRadius" Value="0"><ID TaskNumber="0" ItemID="8963" RawItemID="0" TypeHash="1" Path="" STType="LREAL" UIDType="Inner"><Owner TaskNumber="0" ItemID="9074" RawItemID="0" TypeHash="0" STType="" UIDType="Inner" /></ID><Parent TaskNumber="0" ItemID="9074" RawItemID="0" TypeHash="0" Path="" STType="" UIDType="Inner"><Owner TaskNumber="0" ItemID="9074" RawItemID="0" TypeHash="0" STType="" UIDType="Inner" /></Parent><IsValueFromTheme>false</IsValueFromTheme><HasSubTypeName>true</HasSubTypeName><Connections /><IsDynamized>false</IsDynamized><ContiniuosUpdate>false</ContiniuosUpdate></Parameter><Parameter Name="Цвет текста" ShortName="8972" Tag="8972" Role="TextColor" Value="BLACK"><ID TaskNumber="0" ItemID="8972" RawItemID="0" TypeHash="4" Path="" STType="HMI.SolidColorType" UIDType="Inner"><Owner TaskNumber="0" ItemID="9074" RawItemID="0" TypeHash="0" STType="" UIDType="Inner" /></ID><Parent TaskNumber="0" ItemID="9074" RawItemID="0" TypeHash="0" Path="" STType="" UIDType="Inner"><Owner TaskNumber="0" ItemID="9074" RawItemID="0" TypeHash="0" STType="" UIDType="Inner" /></Parent><IsValueFromTheme>false</IsValueFromTheme><HasSubTypeName>true</HasSubTypeName><Connections /><IsDynamized>false</IsDynamized><ContiniuosUpdate>false</ContiniuosUpdate></Parameter><Parameter Name="XType" ShortName="XType" Tag="0" Role="XType" Value="1"><ID TaskNumber="0" ItemID="4294967280" RawItemID="0" TypeHash="5" Path="" STType="HMI.SizeType" UIDType="Inner" /><IsValueFromTheme>false</IsValueFromTheme><HasSubTypeName>true</HasSubTypeName><IsDynamized>false</IsDynamized><ContiniuosUpdate>false</ContiniuosUpdate></Parameter><Parameter Name="YType" ShortName="YType" Tag="0" Role="YType" Value="1"><ID TaskNumber="0" ItemID="4294967279" RawItemID="0" TypeHash="5" Path="" STType="HMI.SizeType" UIDType="Inner" /><IsValueFromTheme>false</IsValueFromTheme><HasSubTypeName>true</HasSubTypeName><IsDynamized>false</IsDynamized><ContiniuosUpdate>false</ContiniuosUpdate></Parameter><Parameter Name="ProportionType" ShortName="ProportionType" Tag="0" Role="ProportionType" Value="4"><ID TaskNumber="0" ItemID="4294967278" RawItemID="0" TypeHash="5" Path="" STType="HMI.ProportionType" UIDType="Inner" /><IsValueFromTheme>false</IsValueFromTheme><HasSubTypeName>true</HasSubTypeName><IsDynamized>false</IsDynamized><ContiniuosUpdate>false</ContiniuosUpdate></Parameter><Parameter Name="WidthType" ShortName="WidthType" Tag="0" Role="WidthType" Value="1"><ID TaskNumber="0" ItemID="4294967277" RawItemID="0" TypeHash="5" Path="" STType="HMI.SizeType" UIDType="Inner" /><IsValueFromTheme>false</IsValueFromTheme><HasSubTypeName>true</HasSubTypeName><IsDynamized>false</IsDynamized><ContiniuosUpdate>false</ContiniuosUpdate></Parameter><Parameter Name="HeightType" ShortName="HeightType" Tag="0" Role="HeightType" Value="1"><ID TaskNumber="0" ItemID="4294967276" RawItemID="0" TypeHash="5" Path="" STType="HMI.SizeType" UIDType="Inner" /><IsValueFromTheme>false</IsValueFromTheme><HasSubTypeName>true</HasSubTypeName><IsDynamized>false</IsDynamized><ContiniuosUpdate>false</ContiniuosUpdate></Parameter></Parameters><Events><Event Name="9044" ShortName="9044" Tag="9044" Role="Focus"><ID TaskNumber="0" ItemID="9074" RawItemID="0" TypeHash="0" Path="Focus" STType="" UIDType="Inner"><Owner TaskNumber="0" ItemID="9074" RawItemID="0" TypeHash="0" STType="" UIDType="Inner" /></ID><Parent TaskNumber="0" ItemID="9074" RawItemID="0" TypeHash="0" Path="" STType="" UIDType="Inner"><Owner TaskNumber="0" ItemID="9074" RawItemID="0" TypeHash="0" STType="" UIDType="Inner" /></Parent><Actions /></Event><Event Name="9045" ShortName="9045" Tag="9045" Role="LostFocus"><ID TaskNumber="0" ItemID="9074" RawItemID="0" TypeHash="0" Path="LostFocus" STType="" UIDType="Inner"><Owner TaskNumber="0" ItemID="9074" RawItemID="0" TypeHash="0" STType="" UIDType="Inner" /></ID><Parent TaskNumber="0" ItemID="9074" RawItemID="0" TypeHash="0" Path="" STType="" UIDType="Inner"><Owner TaskNumber="0" ItemID="9074" RawItemID="0" TypeHash="0" STType="" UIDType="Inner" /></Parent><Actions /></Event></Events><ObjectId>0</ObjectId><ServerTaskId>-1</ServerTaskId><ServerTaskItemId>0</ServerTaskItemId><Role>TextInput</Role><HasConnections>false</HasConnections></Element>