<?xml version="1.0" encoding="utf-8"?>
<Element xmlns:xsi="http://www.w3.org/2001/XMLSchema-instance" xmlns:xsd="http://www.w3.org/2001/XMLSchema" Name="57405" ShortName="Окно 2" Tag="57405" TreeObject="Объект 1">
  <ID TaskNumber="0" ItemID="57405" RawItemID="0" TypeHash="0" Path="" STType="" UIDType="Inner">
    <Owner TaskNumber="0" ItemID="57405" RawItemID="0" TypeHash="0" STType="" UIDType="Inner" />
  </ID>
  <UsedSTTypes>
    <string>STRING</string>
    <string>DINT</string>
    <string>LREAL</string>
    <string>HMI.SolidColorType</string>
    <string>HMI.GradientColorType</string>
    <string>HMI.BorderStyleType</string>
    <string>BOOL</string>
    <string>HMI.TileType</string>
    <string>HMI.DockType</string>
    <string>HMI.HorizontalAlignType</string>
    <string>HMI.VerticalAlignType</string>
    <string>HMI.MouseCursorKinds</string>
    <string>HMI.SizeType</string>
    <string>HMI.ProportionType</string>
    <string>BYTE</string>
  </UsedSTTypes>
  <Parameters>
    <Parameter Name="Образ" ShortName="57434" Tag="57434" Role="SkinResource" Value="">
      <ID TaskNumber="0" ItemID="57434" RawItemID="0" TypeHash="4" Path="" STType="STRING" UIDType="Inner">
        <Owner TaskNumber="0" ItemID="57405" RawItemID="0" TypeHash="0" STType="" UIDType="Inner" />
      </ID>
      <Parent TaskNumber="0" ItemID="57405" RawItemID="0" TypeHash="0" Path="" STType="" UIDType="Inner">
        <Owner TaskNumber="0" ItemID="57405" RawItemID="0" TypeHash="0" STType="" UIDType="Inner" />
      </Parent>
      <IsValueFromTheme>false</IsValueFromTheme>
      <HasSubTypeName>true</HasSubTypeName>
      <Connections />
      <IsDynamized>false</IsDynamized>
      <ContiniuosUpdate>false</ContiniuosUpdate>
    </Parameter>
    <Parameter Name="Порядок Z" ShortName="57410" Tag="57410" Role="Z" Value="0">
      <ID TaskNumber="0" ItemID="57410" RawItemID="0" TypeHash="6" Path="" STType="DINT" UIDType="Inner">
        <Owner TaskNumber="0" ItemID="57405" RawItemID="0" TypeHash="0" STType="" UIDType="Inner" />
      </ID>
      <Parent TaskNumber="0" ItemID="57405" RawItemID="0" TypeHash="0" Path="" STType="" UIDType="Inner">
        <Owner TaskNumber="0" ItemID="57405" RawItemID="0" TypeHash="0" STType="" UIDType="Inner" />
      </Parent>
      <IsValueFromTheme>false</IsValueFromTheme>
      <HasSubTypeName>true</HasSubTypeName>
      <Connections />
      <IsDynamized>false</IsDynamized>
      <ContiniuosUpdate>false</ContiniuosUpdate>
    </Parameter>
    <Parameter Name="Ширина" ShortName="57408" Tag="57408" Role="Width" Value="1920">
      <ID TaskNumber="0" ItemID="57408" RawItemID="0" TypeHash="1" Path="" STType="LREAL" UIDType="Inner">
        <Owner TaskNumber="0" ItemID="57405" RawItemID="0" TypeHash="0" STType="" UIDType="Inner" />
      </ID>
      <Parent TaskNumber="0" ItemID="57405" RawItemID="0" TypeHash="0" Path="" STType="" UIDType="Inner">
        <Owner TaskNumber="0" ItemID="57405" RawItemID="0" TypeHash="0" STType="" UIDType="Inner" />
      </Parent>
      <IsValueFromTheme>false</IsValueFromTheme>
      <HasSubTypeName>true</HasSubTypeName>
      <Connections />
      <IsDynamized>false</IsDynamized>
      <ContiniuosUpdate>false</ContiniuosUpdate>
    </Parameter>
    <Parameter Name="Высота" ShortName="57409" Tag="57409" Role="Height" Value="1080">
      <ID TaskNumber="0" ItemID="57409" RawItemID="0" TypeHash="1" Path="" STType="LREAL" UIDType="Inner">
        <Owner TaskNumber="0" ItemID="57405" RawItemID="0" TypeHash="0" STType="" UIDType="Inner" />
      </ID>
      <Parent TaskNumber="0" ItemID="57405" RawItemID="0" TypeHash="0" Path="" STType="" UIDType="Inner">
        <Owner TaskNumber="0" ItemID="57405" RawItemID="0" TypeHash="0" STType="" UIDType="Inner" />
      </Parent>
      <IsValueFromTheme>false</IsValueFromTheme>
      <HasSubTypeName>true</HasSubTypeName>
      <Connections />
      <IsDynamized>false</IsDynamized>
      <ContiniuosUpdate>false</ContiniuosUpdate>
    </Parameter>
    <Parameter Name="Угол поворота" ShortName="57415" Tag="57415" Role="Angle" Value="0">
      <ID TaskNumber="0" ItemID="57415" RawItemID="0" TypeHash="1" Path="" STType="LREAL" UIDType="Inner">
        <Owner TaskNumber="0" ItemID="57405" RawItemID="0" TypeHash="0" STType="" UIDType="Inner" />
      </ID>
      <Parent TaskNumber="0" ItemID="57405" RawItemID="0" TypeHash="0" Path="" STType="" UIDType="Inner">
        <Owner TaskNumber="0" ItemID="57405" RawItemID="0" TypeHash="0" STType="" UIDType="Inner" />
      </Parent>
      <IsValueFromTheme>false</IsValueFromTheme>
      <HasSubTypeName>true</HasSubTypeName>
      <Connections />
      <IsDynamized>false</IsDynamized>
      <ContiniuosUpdate>false</ContiniuosUpdate>
    </Parameter>
    <Parameter Name="Масштаб X" ShortName="57416" Tag="57416" Role="ScaleX" Value="1">
      <ID TaskNumber="0" ItemID="57416" RawItemID="0" TypeHash="1" Path="" STType="LREAL" UIDType="Inner">
        <Owner TaskNumber="0" ItemID="57405" RawItemID="0" TypeHash="0" STType="" UIDType="Inner" />
      </ID>
      <Parent TaskNumber="0" ItemID="57405" RawItemID="0" TypeHash="0" Path="" STType="" UIDType="Inner">
        <Owner TaskNumber="0" ItemID="57405" RawItemID="0" TypeHash="0" STType="" UIDType="Inner" />
      </Parent>
      <IsValueFromTheme>false</IsValueFromTheme>
      <HasSubTypeName>true</HasSubTypeName>
      <Connections />
      <IsDynamized>false</IsDynamized>
      <ContiniuosUpdate>false</ContiniuosUpdate>
    </Parameter>
    <Parameter Name="Масштаб Y" ShortName="57417" Tag="57417" Role="ScaleY" Value="1">
      <ID TaskNumber="0" ItemID="57417" RawItemID="0" TypeHash="1" Path="" STType="LREAL" UIDType="Inner">
        <Owner TaskNumber="0" ItemID="57405" RawItemID="0" TypeHash="0" STType="" UIDType="Inner" />
      </ID>
      <Parent TaskNumber="0" ItemID="57405" RawItemID="0" TypeHash="0" Path="" STType="" UIDType="Inner">
        <Owner TaskNumber="0" ItemID="57405" RawItemID="0" TypeHash="0" STType="" UIDType="Inner" />
      </Parent>
      <IsValueFromTheme>false</IsValueFromTheme>
      <HasSubTypeName>true</HasSubTypeName>
      <Connections />
      <IsDynamized>false</IsDynamized>
      <ContiniuosUpdate>false</ContiniuosUpdate>
    </Parameter>
    <Parameter Name="Толщина рамки" ShortName="57418" Tag="57418" Role="BorderThickness" Value="1">
      <ID TaskNumber="0" ItemID="57418" RawItemID="0" TypeHash="1" Path="" STType="LREAL" UIDType="Inner">
        <Owner TaskNumber="0" ItemID="57405" RawItemID="0" TypeHash="0" STType="" UIDType="Inner" />
      </ID>
      <Parent TaskNumber="0" ItemID="57405" RawItemID="0" TypeHash="0" Path="" STType="" UIDType="Inner">
        <Owner TaskNumber="0" ItemID="57405" RawItemID="0" TypeHash="0" STType="" UIDType="Inner" />
      </Parent>
      <IsValueFromTheme>false</IsValueFromTheme>
      <HasSubTypeName>true</HasSubTypeName>
      <Connections />
      <IsDynamized>false</IsDynamized>
      <ContiniuosUpdate>false</ContiniuosUpdate>
    </Parameter>
    <Parameter Name="Цвет рамки" ShortName="57419" Tag="57419" Role="BorderColor" Value="GRAY">
      <ID TaskNumber="0" ItemID="57419" RawItemID="0" TypeHash="4" Path="" STType="HMI.SolidColorType" UIDType="Inner">
        <Owner TaskNumber="0" ItemID="57405" RawItemID="0" TypeHash="0" STType="" UIDType="Inner" />
      </ID>
      <Parent TaskNumber="0" ItemID="57405" RawItemID="0" TypeHash="0" Path="" STType="" UIDType="Inner">
        <Owner TaskNumber="0" ItemID="57405" RawItemID="0" TypeHash="0" STType="" UIDType="Inner" />
      </Parent>
      <IsValueFromTheme>false</IsValueFromTheme>
      <HasSubTypeName>true</HasSubTypeName>
      <Connections />
      <IsDynamized>false</IsDynamized>
      <ContiniuosUpdate>false</ContiniuosUpdate>
    </Parameter>
    <Parameter Name="Заливка фона" ShortName="57420" Tag="57420" Role="BackgroundColor" Value="rgb(245,240,245)">
      <ID TaskNumber="0" ItemID="57420" RawItemID="0" TypeHash="4" Path="" STType="HMI.GradientColorType" UIDType="Inner">
        <Owner TaskNumber="0" ItemID="57405" RawItemID="0" TypeHash="0" STType="" UIDType="Inner" />
      </ID>
      <Parent TaskNumber="0" ItemID="57405" RawItemID="0" TypeHash="0" Path="" STType="" UIDType="Inner">
        <Owner TaskNumber="0" ItemID="57405" RawItemID="0" TypeHash="0" STType="" UIDType="Inner" />
      </Parent>
      <IsValueFromTheme>false</IsValueFromTheme>
      <HasSubTypeName>true</HasSubTypeName>
      <Connections />
      <IsDynamized>false</IsDynamized>
      <ContiniuosUpdate>false</ContiniuosUpdate>
    </Parameter>
    <Parameter Name="Прозрачность" ShortName="57421" Tag="57421" Role="Opacity" Value="100">
      <ID TaskNumber="0" ItemID="57421" RawItemID="0" TypeHash="1" Path="" STType="LREAL" UIDType="Inner">
        <Owner TaskNumber="0" ItemID="57405" RawItemID="0" TypeHash="0" STType="" UIDType="Inner" />
      </ID>
      <Parent TaskNumber="0" ItemID="57405" RawItemID="0" TypeHash="0" Path="" STType="" UIDType="Inner">
        <Owner TaskNumber="0" ItemID="57405" RawItemID="0" TypeHash="0" STType="" UIDType="Inner" />
      </Parent>
      <IsValueFromTheme>false</IsValueFromTheme>
      <HasSubTypeName>true</HasSubTypeName>
      <Connections />
      <IsDynamized>false</IsDynamized>
      <ContiniuosUpdate>false</ContiniuosUpdate>
    </Parameter>
    <Parameter Name="Стиль рамки" ShortName="57422" Tag="57422" Role="BorderStyle" Value="0">
      <ID TaskNumber="0" ItemID="57422" RawItemID="0" TypeHash="5" Path="" STType="HMI.BorderStyleType" UIDType="Inner">
        <Owner TaskNumber="0" ItemID="57405" RawItemID="0" TypeHash="0" STType="" UIDType="Inner" />
      </ID>
      <Parent TaskNumber="0" ItemID="57405" RawItemID="0" TypeHash="0" Path="" STType="" UIDType="Inner">
        <Owner TaskNumber="0" ItemID="57405" RawItemID="0" TypeHash="0" STType="" UIDType="Inner" />
      </Parent>
      <IsValueFromTheme>false</IsValueFromTheme>
      <HasSubTypeName>true</HasSubTypeName>
      <Connections />
      <IsDynamized>false</IsDynamized>
      <ContiniuosUpdate>false</ContiniuosUpdate>
    </Parameter>
    <Parameter Name="Всплывающая подсказка" ShortName="57423" Tag="57423" Role="ToolTip" Value="">
      <ID TaskNumber="0" ItemID="57423" RawItemID="0" TypeHash="4" Path="" STType="STRING" UIDType="Inner">
        <Owner TaskNumber="0" ItemID="57405" RawItemID="0" TypeHash="0" STType="" UIDType="Inner" />
      </ID>
      <Parent TaskNumber="0" ItemID="57405" RawItemID="0" TypeHash="0" Path="" STType="" UIDType="Inner">
        <Owner TaskNumber="0" ItemID="57405" RawItemID="0" TypeHash="0" STType="" UIDType="Inner" />
      </Parent>
      <IsValueFromTheme>false</IsValueFromTheme>
      <HasSubTypeName>true</HasSubTypeName>
      <Connections />
      <IsDynamized>false</IsDynamized>
      <ContiniuosUpdate>false</ContiniuosUpdate>
    </Parameter>
    <Parameter Name="Мигание" ShortName="57424" Tag="57424" Role="Flash" Value="False">
      <ID TaskNumber="0" ItemID="57424" RawItemID="0" TypeHash="3" Path="" STType="BOOL" UIDType="Inner">
        <Owner TaskNumber="0" ItemID="57405" RawItemID="0" TypeHash="0" STType="" UIDType="Inner" />
      </ID>
      <Parent TaskNumber="0" ItemID="57405" RawItemID="0" TypeHash="0" Path="" STType="" UIDType="Inner">
        <Owner TaskNumber="0" ItemID="57405" RawItemID="0" TypeHash="0" STType="" UIDType="Inner" />
      </Parent>
      <IsValueFromTheme>false</IsValueFromTheme>
      <HasSubTypeName>true</HasSubTypeName>
      <Connections />
      <IsDynamized>false</IsDynamized>
      <ContiniuosUpdate>false</ContiniuosUpdate>
    </Parameter>
    <Parameter Name="Размер тени" ShortName="57425" Tag="57425" Role="ShadowSize" Value="0">
      <ID TaskNumber="0" ItemID="57425" RawItemID="0" TypeHash="6" Path="" STType="DINT" UIDType="Inner">
        <Owner TaskNumber="0" ItemID="57405" RawItemID="0" TypeHash="0" STType="" UIDType="Inner" />
      </ID>
      <Parent TaskNumber="0" ItemID="57405" RawItemID="0" TypeHash="0" Path="" STType="" UIDType="Inner">
        <Owner TaskNumber="0" ItemID="57405" RawItemID="0" TypeHash="0" STType="" UIDType="Inner" />
      </Parent>
      <IsValueFromTheme>false</IsValueFromTheme>
      <HasSubTypeName>true</HasSubTypeName>
      <Connections />
      <IsDynamized>false</IsDynamized>
      <ContiniuosUpdate>false</ContiniuosUpdate>
    </Parameter>
    <Parameter Name="Цвет тени" ShortName="57426" Tag="57426" Role="ShadowColor" Value="rgb(240,240,240)">
      <ID TaskNumber="0" ItemID="57426" RawItemID="0" TypeHash="4" Path="" STType="HMI.SolidColorType" UIDType="Inner">
        <Owner TaskNumber="0" ItemID="57405" RawItemID="0" TypeHash="0" STType="" UIDType="Inner" />
      </ID>
      <Parent TaskNumber="0" ItemID="57405" RawItemID="0" TypeHash="0" Path="" STType="" UIDType="Inner">
        <Owner TaskNumber="0" ItemID="57405" RawItemID="0" TypeHash="0" STType="" UIDType="Inner" />
      </Parent>
      <IsValueFromTheme>false</IsValueFromTheme>
      <HasSubTypeName>true</HasSubTypeName>
      <Connections />
      <IsDynamized>false</IsDynamized>
      <ContiniuosUpdate>false</ContiniuosUpdate>
    </Parameter>
    <Parameter Name="Изображение фона" ShortName="57427" Tag="57427" Role="Resource" Value="">
      <ID TaskNumber="0" ItemID="57427" RawItemID="0" TypeHash="4" Path="" STType="STRING" UIDType="Inner">
        <Owner TaskNumber="0" ItemID="57405" RawItemID="0" TypeHash="0" STType="" UIDType="Inner" />
      </ID>
      <Parent TaskNumber="0" ItemID="57405" RawItemID="0" TypeHash="0" Path="" STType="" UIDType="Inner">
        <Owner TaskNumber="0" ItemID="57405" RawItemID="0" TypeHash="0" STType="" UIDType="Inner" />
      </Parent>
      <IsValueFromTheme>false</IsValueFromTheme>
      <HasSubTypeName>true</HasSubTypeName>
      <Connections />
      <IsDynamized>false</IsDynamized>
      <ContiniuosUpdate>false</ContiniuosUpdate>
    </Parameter>
    <Parameter Name="Замостка фона" ShortName="57428" Tag="57428" Role="BackgroundTile" Value="2">
      <ID TaskNumber="0" ItemID="57428" RawItemID="0" TypeHash="5" Path="" STType="HMI.TileType" UIDType="Inner">
        <Owner TaskNumber="0" ItemID="57405" RawItemID="0" TypeHash="0" STType="" UIDType="Inner" />
      </ID>
      <Parent TaskNumber="0" ItemID="57405" RawItemID="0" TypeHash="0" Path="" STType="" UIDType="Inner">
        <Owner TaskNumber="0" ItemID="57405" RawItemID="0" TypeHash="0" STType="" UIDType="Inner" />
      </Parent>
      <IsValueFromTheme>false</IsValueFromTheme>
      <HasSubTypeName>true</HasSubTypeName>
      <Connections />
      <IsDynamized>false</IsDynamized>
      <ContiniuosUpdate>false</ContiniuosUpdate>
    </Parameter>
    <Parameter Name="Видимость" ShortName="57431" Tag="57431" Role="IsVisible" Value="True">
      <ID TaskNumber="0" ItemID="57431" RawItemID="0" TypeHash="3" Path="" STType="BOOL" UIDType="Inner">
        <Owner TaskNumber="0" ItemID="57405" RawItemID="0" TypeHash="0" STType="" UIDType="Inner" />
      </ID>
      <Parent TaskNumber="0" ItemID="57405" RawItemID="0" TypeHash="0" Path="" STType="" UIDType="Inner">
        <Owner TaskNumber="0" ItemID="57405" RawItemID="0" TypeHash="0" STType="" UIDType="Inner" />
      </Parent>
      <IsValueFromTheme>false</IsValueFromTheme>
      <HasSubTypeName>true</HasSubTypeName>
      <Connections />
      <IsDynamized>false</IsDynamized>
      <ContiniuosUpdate>false</ContiniuosUpdate>
    </Parameter>
    <Parameter Name="Активность" ShortName="57432" Tag="57432" Role="IsEnabled" Value="True">
      <ID TaskNumber="0" ItemID="57432" RawItemID="0" TypeHash="3" Path="" STType="BOOL" UIDType="Inner">
        <Owner TaskNumber="0" ItemID="57405" RawItemID="0" TypeHash="0" STType="" UIDType="Inner" />
      </ID>
      <Parent TaskNumber="0" ItemID="57405" RawItemID="0" TypeHash="0" Path="" STType="" UIDType="Inner">
        <Owner TaskNumber="0" ItemID="57405" RawItemID="0" TypeHash="0" STType="" UIDType="Inner" />
      </Parent>
      <IsValueFromTheme>false</IsValueFromTheme>
      <HasSubTypeName>true</HasSubTypeName>
      <Connections />
      <IsDynamized>false</IsDynamized>
      <ContiniuosUpdate>false</ContiniuosUpdate>
    </Parameter>
    <Parameter Name="Клавиатурный индекс" ShortName="57433" Tag="57433" Role="TabIndex" Value="0">
      <ID TaskNumber="0" ItemID="57433" RawItemID="0" TypeHash="6" Path="" STType="DINT" UIDType="Inner">
        <Owner TaskNumber="0" ItemID="57405" RawItemID="0" TypeHash="0" STType="" UIDType="Inner" />
      </ID>
      <Parent TaskNumber="0" ItemID="57405" RawItemID="0" TypeHash="0" Path="" STType="" UIDType="Inner">
        <Owner TaskNumber="0" ItemID="57405" RawItemID="0" TypeHash="0" STType="" UIDType="Inner" />
      </Parent>
      <IsValueFromTheme>false</IsValueFromTheme>
      <HasSubTypeName>true</HasSubTypeName>
      <Connections />
      <IsDynamized>false</IsDynamized>
      <ContiniuosUpdate>false</ContiniuosUpdate>
    </Parameter>
    <Parameter Name="Координата X" ShortName="57429" Tag="57429" Role="X" Value="0">
      <ID TaskNumber="0" ItemID="57429" RawItemID="0" TypeHash="1" Path="" STType="LREAL" UIDType="Inner">
        <Owner TaskNumber="0" ItemID="57405" RawItemID="0" TypeHash="0" STType="" UIDType="Inner" />
      </ID>
      <Parent TaskNumber="0" ItemID="57405" RawItemID="0" TypeHash="0" Path="" STType="" UIDType="Inner">
        <Owner TaskNumber="0" ItemID="57405" RawItemID="0" TypeHash="0" STType="" UIDType="Inner" />
      </Parent>
      <IsValueFromTheme>false</IsValueFromTheme>
      <HasSubTypeName>true</HasSubTypeName>
      <Connections />
      <IsDynamized>false</IsDynamized>
      <ContiniuosUpdate>false</ContiniuosUpdate>
    </Parameter>
    <Parameter Name="Координата Y" ShortName="57430" Tag="57430" Role="Y" Value="0">
      <ID TaskNumber="0" ItemID="57430" RawItemID="0" TypeHash="1" Path="" STType="LREAL" UIDType="Inner">
        <Owner TaskNumber="0" ItemID="57405" RawItemID="0" TypeHash="0" STType="" UIDType="Inner" />
      </ID>
      <Parent TaskNumber="0" ItemID="57405" RawItemID="0" TypeHash="0" Path="" STType="" UIDType="Inner">
        <Owner TaskNumber="0" ItemID="57405" RawItemID="0" TypeHash="0" STType="" UIDType="Inner" />
      </Parent>
      <IsValueFromTheme>false</IsValueFromTheme>
      <HasSubTypeName>true</HasSubTypeName>
      <Connections />
      <IsDynamized>false</IsDynamized>
      <ContiniuosUpdate>false</ContiniuosUpdate>
    </Parameter>
    <Parameter Name="Положение" ShortName="57411" Tag="57411" Role="DockStyle" Value="3">
      <ID TaskNumber="0" ItemID="57411" RawItemID="0" TypeHash="5" Path="" STType="HMI.DockType" UIDType="Inner">
        <Owner TaskNumber="0" ItemID="57405" RawItemID="0" TypeHash="0" STType="" UIDType="Inner" />
      </ID>
      <Parent TaskNumber="0" ItemID="57405" RawItemID="0" TypeHash="0" Path="" STType="" UIDType="Inner">
        <Owner TaskNumber="0" ItemID="57405" RawItemID="0" TypeHash="0" STType="" UIDType="Inner" />
      </Parent>
      <IsValueFromTheme>false</IsValueFromTheme>
      <HasSubTypeName>true</HasSubTypeName>
      <Connections />
      <IsDynamized>false</IsDynamized>
      <ContiniuosUpdate>false</ContiniuosUpdate>
    </Parameter>
    <Parameter Name="Горизонтальное выравнивание" ShortName="57412" Tag="57412" Role="HorizontalAlign" Value="1">
      <ID TaskNumber="0" ItemID="57412" RawItemID="0" TypeHash="5" Path="" STType="HMI.HorizontalAlignType" UIDType="Inner">
        <Owner TaskNumber="0" ItemID="57405" RawItemID="0" TypeHash="0" STType="" UIDType="Inner" />
      </ID>
      <Parent TaskNumber="0" ItemID="57405" RawItemID="0" TypeHash="0" Path="" STType="" UIDType="Inner">
        <Owner TaskNumber="0" ItemID="57405" RawItemID="0" TypeHash="0" STType="" UIDType="Inner" />
      </Parent>
      <IsValueFromTheme>false</IsValueFromTheme>
      <HasSubTypeName>true</HasSubTypeName>
      <Connections />
      <IsDynamized>false</IsDynamized>
      <ContiniuosUpdate>false</ContiniuosUpdate>
    </Parameter>
    <Parameter Name="Вертикальное выравнивание" ShortName="57413" Tag="57413" Role="VerticalAlign" Value="1">
      <ID TaskNumber="0" ItemID="57413" RawItemID="0" TypeHash="5" Path="" STType="HMI.VerticalAlignType" UIDType="Inner">
        <Owner TaskNumber="0" ItemID="57405" RawItemID="0" TypeHash="0" STType="" UIDType="Inner" />
      </ID>
      <Parent TaskNumber="0" ItemID="57405" RawItemID="0" TypeHash="0" Path="" STType="" UIDType="Inner">
        <Owner TaskNumber="0" ItemID="57405" RawItemID="0" TypeHash="0" STType="" UIDType="Inner" />
      </Parent>
      <IsValueFromTheme>false</IsValueFromTheme>
      <HasSubTypeName>true</HasSubTypeName>
      <Connections />
      <IsDynamized>false</IsDynamized>
      <ContiniuosUpdate>false</ContiniuosUpdate>
    </Parameter>
    <Parameter Name="Вид курсора" ShortName="57414" Tag="57414" Role="MouseCursorKind" Value="0">
      <ID TaskNumber="0" ItemID="57414" RawItemID="0" TypeHash="5" Path="" STType="HMI.MouseCursorKinds" UIDType="Inner">
        <Owner TaskNumber="0" ItemID="57405" RawItemID="0" TypeHash="0" STType="" UIDType="Inner" />
      </ID>
      <Parent TaskNumber="0" ItemID="57405" RawItemID="0" TypeHash="0" Path="" STType="" UIDType="Inner">
        <Owner TaskNumber="0" ItemID="57405" RawItemID="0" TypeHash="0" STType="" UIDType="Inner" />
      </Parent>
      <IsValueFromTheme>false</IsValueFromTheme>
      <HasSubTypeName>true</HasSubTypeName>
      <Connections />
      <IsDynamized>false</IsDynamized>
      <ContiniuosUpdate>false</ContiniuosUpdate>
    </Parameter>
    <Parameter Name="XType" ShortName="XType" Tag="0" Role="XType" Value="1">
      <ID TaskNumber="0" ItemID="4294967270" RawItemID="0" TypeHash="5" Path="" STType="HMI.SizeType" UIDType="Inner" />
      <IsValueFromTheme>false</IsValueFromTheme>
      <HasSubTypeName>true</HasSubTypeName>
      <IsDynamized>false</IsDynamized>
      <ContiniuosUpdate>false</ContiniuosUpdate>
    </Parameter>
    <Parameter Name="YType" ShortName="YType" Tag="0" Role="YType" Value="1">
      <ID TaskNumber="0" ItemID="4294967269" RawItemID="0" TypeHash="5" Path="" STType="HMI.SizeType" UIDType="Inner" />
      <IsValueFromTheme>false</IsValueFromTheme>
      <HasSubTypeName>true</HasSubTypeName>
      <IsDynamized>false</IsDynamized>
      <ContiniuosUpdate>false</ContiniuosUpdate>
    </Parameter>
    <Parameter Name="ProportionType" ShortName="ProportionType" Tag="0" Role="ProportionType" Value="4">
      <ID TaskNumber="0" ItemID="4294967268" RawItemID="0" TypeHash="5" Path="" STType="HMI.ProportionType" UIDType="Inner" />
      <IsValueFromTheme>false</IsValueFromTheme>
      <HasSubTypeName>true</HasSubTypeName>
      <IsDynamized>false</IsDynamized>
      <ContiniuosUpdate>false</ContiniuosUpdate>
    </Parameter>
    <Parameter Name="WidthType" ShortName="WidthType" Tag="0" Role="WidthType" Value="1">
      <ID TaskNumber="0" ItemID="4294967267" RawItemID="0" TypeHash="5" Path="" STType="HMI.SizeType" UIDType="Inner" />
      <IsValueFromTheme>false</IsValueFromTheme>
      <HasSubTypeName>true</HasSubTypeName>
      <IsDynamized>false</IsDynamized>
      <ContiniuosUpdate>false</ContiniuosUpdate>
    </Parameter>
    <Parameter Name="HeightType" ShortName="HeightType" Tag="0" Role="HeightType" Value="1">
      <ID TaskNumber="0" ItemID="4294967266" RawItemID="0" TypeHash="5" Path="" STType="HMI.SizeType" UIDType="Inner" />
      <IsValueFromTheme>false</IsValueFromTheme>
      <HasSubTypeName>true</HasSubTypeName>
      <IsDynamized>false</IsDynamized>
      <ContiniuosUpdate>false</ContiniuosUpdate>
    </Parameter>
  </Parameters>
  <Elements>
    <Element Name="57618" ShortName="Прямоугольник 1" Tag="57618" TreeObject="Объект 1">
      <ID TaskNumber="0" ItemID="57618" RawItemID="0" TypeHash="0" Path="" STType="" UIDType="Inner">
        <Owner TaskNumber="0" ItemID="57618" RawItemID="0" TypeHash="0" STType="" UIDType="Inner" />
      </ID>
      <Parent TaskNumber="0" ItemID="57405" RawItemID="0" TypeHash="0" Path="" STType="" UIDType="Inner">
        <Owner TaskNumber="0" ItemID="57405" RawItemID="0" TypeHash="0" STType="" UIDType="Inner" />
      </Parent>
      <UsedSTTypes>
        <string>STRING</string>
        <string>DINT</string>
        <string>LREAL</string>
        <string>HMI.GradientColorType</string>
        <string>HMI.BorderStyleType</string>
        <string>HMI.SizeType</string>
      </UsedSTTypes>
      <TypeID TaskNumber="0" ItemID="4610" RawItemID="0" TypeHash="0" Path="" STType="" UIDType="Inner">
        <Owner TaskNumber="0" ItemID="4610" RawItemID="0" TypeHash="0" STType="" UIDType="Inner" />
      </TypeID>
      <Parameters>
        <Parameter Name="Образ" ShortName="57627" Tag="57627" Role="SkinResource" Value="">
          <ID TaskNumber="0" ItemID="57627" RawItemID="0" TypeHash="4" Path="" STType="STRING" UIDType="Inner">
            <Owner TaskNumber="0" ItemID="57618" RawItemID="0" TypeHash="0" STType="" UIDType="Inner" />
          </ID>
          <Parent TaskNumber="0" ItemID="57618" RawItemID="0" TypeHash="0" Path="" STType="" UIDType="Inner">
            <Owner TaskNumber="0" ItemID="57618" RawItemID="0" TypeHash="0" STType="" UIDType="Inner" />
          </Parent>
          <IsValueFromTheme>false</IsValueFromTheme>
          <HasSubTypeName>true</HasSubTypeName>
          <Connections />
          <IsDynamized>false</IsDynamized>
          <ContiniuosUpdate>false</ContiniuosUpdate>
        </Parameter>
        <Parameter Name="Порядок Z" ShortName="57622" Tag="57622" Role="Z" Value="1">
          <ID TaskNumber="0" ItemID="57622" RawItemID="0" TypeHash="6" Path="" STType="DINT" UIDType="Inner">
            <Owner TaskNumber="0" ItemID="57618" RawItemID="0" TypeHash="0" STType="" UIDType="Inner" />
          </ID>
          <Parent TaskNumber="0" ItemID="57618" RawItemID="0" TypeHash="0" Path="" STType="" UIDType="Inner">
            <Owner TaskNumber="0" ItemID="57618" RawItemID="0" TypeHash="0" STType="" UIDType="Inner" />
          </Parent>
          <IsValueFromTheme>false</IsValueFromTheme>
          <HasSubTypeName>true</HasSubTypeName>
          <Connections />
          <IsDynamized>false</IsDynamized>
          <ContiniuosUpdate>false</ContiniuosUpdate>
        </Parameter>
        <Parameter Name="Ширина" ShortName="57620" Tag="57620" Role="Width" Value="1920">
          <ID TaskNumber="0" ItemID="57620" RawItemID="0" TypeHash="1" Path="" STType="LREAL" UIDType="Inner">
            <Owner TaskNumber="0" ItemID="57618" RawItemID="0" TypeHash="0" STType="" UIDType="Inner" />
          </ID>
          <Parent TaskNumber="0" ItemID="57618" RawItemID="0" TypeHash="0" Path="" STType="" UIDType="Inner">
            <Owner TaskNumber="0" ItemID="57618" RawItemID="0" TypeHash="0" STType="" UIDType="Inner" />
          </Parent>
          <IsValueFromTheme>false</IsValueFromTheme>
          <HasSubTypeName>true</HasSubTypeName>
          <Connections />
          <IsDynamized>false</IsDynamized>
          <ContiniuosUpdate>false</ContiniuosUpdate>
        </Parameter>
        <Parameter Name="Высота" ShortName="57621" Tag="57621" Role="Height" Value="140">
          <ID TaskNumber="0" ItemID="57621" RawItemID="0" TypeHash="1" Path="" STType="LREAL" UIDType="Inner">
            <Owner TaskNumber="0" ItemID="57618" RawItemID="0" TypeHash="0" STType="" UIDType="Inner" />
          </ID>
          <Parent TaskNumber="0" ItemID="57618" RawItemID="0" TypeHash="0" Path="" STType="" UIDType="Inner">
            <Owner TaskNumber="0" ItemID="57618" RawItemID="0" TypeHash="0" STType="" UIDType="Inner" />
          </Parent>
          <IsValueFromTheme>false</IsValueFromTheme>
          <HasSubTypeName>true</HasSubTypeName>
          <Connections />
          <IsDynamized>false</IsDynamized>
          <ContiniuosUpdate>false</ContiniuosUpdate>
        </Parameter>
        <Parameter Name="Клавиатурный индекс" ShortName="57625" Tag="57625" Role="TabIndex" Value="1">
          <ID TaskNumber="0" ItemID="57625" RawItemID="0" TypeHash="6" Path="" STType="DINT" UIDType="Inner">
            <Owner TaskNumber="0" ItemID="57618" RawItemID="0" TypeHash="0" STType="" UIDType="Inner" />
          </ID>
          <Parent TaskNumber="0" ItemID="57618" RawItemID="0" TypeHash="0" Path="" STType="" UIDType="Inner">
            <Owner TaskNumber="0" ItemID="57618" RawItemID="0" TypeHash="0" STType="" UIDType="Inner" />
          </Parent>
          <IsValueFromTheme>false</IsValueFromTheme>
          <HasSubTypeName>true</HasSubTypeName>
          <Connections />
          <IsDynamized>false</IsDynamized>
          <ContiniuosUpdate>false</ContiniuosUpdate>
        </Parameter>
        <Parameter Name="Изображение фона" ShortName="57626" Tag="57626" Role="Resource" Value="">
          <ID TaskNumber="0" ItemID="57626" RawItemID="0" TypeHash="4" Path="" STType="STRING" UIDType="Inner">
            <Owner TaskNumber="0" ItemID="57618" RawItemID="0" TypeHash="0" STType="" UIDType="Inner" />
          </ID>
          <Parent TaskNumber="0" ItemID="57618" RawItemID="0" TypeHash="0" Path="" STType="" UIDType="Inner">
            <Owner TaskNumber="0" ItemID="57618" RawItemID="0" TypeHash="0" STType="" UIDType="Inner" />
          </Parent>
          <IsValueFromTheme>false</IsValueFromTheme>
          <HasSubTypeName>true</HasSubTypeName>
          <Connections />
          <IsDynamized>false</IsDynamized>
          <ContiniuosUpdate>false</ContiniuosUpdate>
        </Parameter>
        <Parameter Name="Координата X" ShortName="57623" Tag="57623" Role="X" Value="0">
          <ID TaskNumber="0" ItemID="57623" RawItemID="0" TypeHash="1" Path="" STType="LREAL" UIDType="Inner">
            <Owner TaskNumber="0" ItemID="57618" RawItemID="0" TypeHash="0" STType="" UIDType="Inner" />
          </ID>
          <Parent TaskNumber="0" ItemID="57618" RawItemID="0" TypeHash="0" Path="" STType="" UIDType="Inner">
            <Owner TaskNumber="0" ItemID="57618" RawItemID="0" TypeHash="0" STType="" UIDType="Inner" />
          </Parent>
          <IsValueFromTheme>false</IsValueFromTheme>
          <HasSubTypeName>true</HasSubTypeName>
          <Connections />
          <IsDynamized>false</IsDynamized>
          <ContiniuosUpdate>false</ContiniuosUpdate>
        </Parameter>
        <Parameter Name="Координата Y" ShortName="57624" Tag="57624" Role="Y" Value="0">
          <ID TaskNumber="0" ItemID="57624" RawItemID="0" TypeHash="1" Path="" STType="LREAL" UIDType="Inner">
            <Owner TaskNumber="0" ItemID="57618" RawItemID="0" TypeHash="0" STType="" UIDType="Inner" />
          </ID>
          <Parent TaskNumber="0" ItemID="57618" RawItemID="0" TypeHash="0" Path="" STType="" UIDType="Inner">
            <Owner TaskNumber="0" ItemID="57618" RawItemID="0" TypeHash="0" STType="" UIDType="Inner" />
          </Parent>
          <IsValueFromTheme>false</IsValueFromTheme>
          <HasSubTypeName>true</HasSubTypeName>
          <Connections />
          <IsDynamized>false</IsDynamized>
          <ContiniuosUpdate>false</ContiniuosUpdate>
        </Parameter>
        <Parameter Name="Заливка фона" ShortName="57631" Tag="57631" Role="BackgroundColor" Value="rgb(203,233,207)">
          <ID TaskNumber="0" ItemID="57631" RawItemID="0" TypeHash="4" Path="" STType="HMI.GradientColorType" UIDType="Inner">
            <Owner TaskNumber="0" ItemID="57618" RawItemID="0" TypeHash="0" STType="" UIDType="Inner" />
          </ID>
          <Parent TaskNumber="0" ItemID="57618" RawItemID="0" TypeHash="0" Path="" STType="" UIDType="Inner">
            <Owner TaskNumber="0" ItemID="57618" RawItemID="0" TypeHash="0" STType="" UIDType="Inner" />
          </Parent>
          <IsValueFromTheme>false</IsValueFromTheme>
          <HasSubTypeName>true</HasSubTypeName>
          <Connections />
          <IsDynamized>false</IsDynamized>
          <ContiniuosUpdate>false</ContiniuosUpdate>
        </Parameter>
        <Parameter Name="Стиль линии" ShortName="57632" Tag="57632" Role="BorderStyle" Value="3">
          <ID TaskNumber="0" ItemID="57632" RawItemID="0" TypeHash="5" Path="" STType="HMI.BorderStyleType" UIDType="Inner">
            <Owner TaskNumber="0" ItemID="57618" RawItemID="0" TypeHash="0" STType="" UIDType="Inner" />
          </ID>
          <Parent TaskNumber="0" ItemID="57618" RawItemID="0" TypeHash="0" Path="" STType="" UIDType="Inner">
            <Owner TaskNumber="0" ItemID="57618" RawItemID="0" TypeHash="0" STType="" UIDType="Inner" />
          </Parent>
          <IsValueFromTheme>false</IsValueFromTheme>
          <HasSubTypeName>true</HasSubTypeName>
          <Connections />
          <IsDynamized>false</IsDynamized>
          <ContiniuosUpdate>false</ContiniuosUpdate>
        </Parameter>
        <Parameter Name="XType" ShortName="XType" Tag="0" Role="XType" Value="1">
          <ID TaskNumber="0" ItemID="4294967265" RawItemID="0" TypeHash="5" Path="" STType="HMI.SizeType" UIDType="Inner" />
          <Parent TaskNumber="0" ItemID="57405" RawItemID="0" TypeHash="0" Path="" STType="" UIDType="Inner">
            <Owner TaskNumber="0" ItemID="57405" RawItemID="0" TypeHash="0" STType="" UIDType="Inner" />
          </Parent>
          <IsValueFromTheme>false</IsValueFromTheme>
          <HasSubTypeName>true</HasSubTypeName>
          <IsDynamized>false</IsDynamized>
          <ContiniuosUpdate>false</ContiniuosUpdate>
        </Parameter>
        <Parameter Name="YType" ShortName="YType" Tag="0" Role="YType" Value="1">
          <ID TaskNumber="0" ItemID="4294967264" RawItemID="0" TypeHash="5" Path="" STType="HMI.SizeType" UIDType="Inner" />
          <Parent TaskNumber="0" ItemID="57405" RawItemID="0" TypeHash="0" Path="" STType="" UIDType="Inner">
            <Owner TaskNumber="0" ItemID="57405" RawItemID="0" TypeHash="0" STType="" UIDType="Inner" />
          </Parent>
          <IsValueFromTheme>false</IsValueFromTheme>
          <HasSubTypeName>true</HasSubTypeName>
          <IsDynamized>false</IsDynamized>
          <ContiniuosUpdate>false</ContiniuosUpdate>
        </Parameter>
        <Parameter Name="WidthType" ShortName="WidthType" Tag="0" Role="WidthType" Value="1">
          <ID TaskNumber="0" ItemID="4294967263" RawItemID="0" TypeHash="5" Path="" STType="HMI.SizeType" UIDType="Inner" />
          <Parent TaskNumber="0" ItemID="57405" RawItemID="0" TypeHash="0" Path="" STType="" UIDType="Inner">
            <Owner TaskNumber="0" ItemID="57405" RawItemID="0" TypeHash="0" STType="" UIDType="Inner" />
          </Parent>
          <IsValueFromTheme>false</IsValueFromTheme>
          <HasSubTypeName>true</HasSubTypeName>
          <IsDynamized>false</IsDynamized>
          <ContiniuosUpdate>false</ContiniuosUpdate>
        </Parameter>
        <Parameter Name="HeightType" ShortName="HeightType" Tag="0" Role="HeightType" Value="1">
          <ID TaskNumber="0" ItemID="4294967262" RawItemID="0" TypeHash="5" Path="" STType="HMI.SizeType" UIDType="Inner" />
          <Parent TaskNumber="0" ItemID="57405" RawItemID="0" TypeHash="0" Path="" STType="" UIDType="Inner">
            <Owner TaskNumber="0" ItemID="57405" RawItemID="0" TypeHash="0" STType="" UIDType="Inner" />
          </Parent>
          <IsValueFromTheme>false</IsValueFromTheme>
          <HasSubTypeName>true</HasSubTypeName>
          <IsDynamized>false</IsDynamized>
          <ContiniuosUpdate>false</ContiniuosUpdate>
        </Parameter>
      </Parameters>
      <ObjectId>0</ObjectId>
      <ServerTaskId>-1</ServerTaskId>
      <ServerTaskItemId>0</ServerTaskItemId>
      <HasConnections>false</HasConnections>
    </Element>
    <Element Name="57633" ShortName="Прямоугольник 2" Tag="57633" TreeObject="Объект 1">
      <ID TaskNumber="0" ItemID="57633" RawItemID="0" TypeHash="0" Path="" STType="" UIDType="Inner">
        <Owner TaskNumber="0" ItemID="57633" RawItemID="0" TypeHash="0" STType="" UIDType="Inner" />
      </ID>
      <Parent TaskNumber="0" ItemID="57405" RawItemID="0" TypeHash="0" Path="" STType="" UIDType="Inner">
        <Owner TaskNumber="0" ItemID="57405" RawItemID="0" TypeHash="0" STType="" UIDType="Inner" />
      </Parent>
      <UsedSTTypes>
        <string>STRING</string>
        <string>DINT</string>
        <string>LREAL</string>
        <string>HMI.GradientColorType</string>
        <string>HMI.BorderStyleType</string>
        <string>HMI.SizeType</string>
      </UsedSTTypes>
      <TypeID TaskNumber="0" ItemID="4610" RawItemID="0" TypeHash="0" Path="" STType="" UIDType="Inner">
        <Owner TaskNumber="0" ItemID="4610" RawItemID="0" TypeHash="0" STType="" UIDType="Inner" />
      </TypeID>
      <Parameters>
        <Parameter Name="Образ" ShortName="57636" Tag="57636" Role="SkinResource" Value="">
          <ID TaskNumber="0" ItemID="57636" RawItemID="0" TypeHash="4" Path="" STType="STRING" UIDType="Inner">
            <Owner TaskNumber="0" ItemID="57633" RawItemID="0" TypeHash="0" STType="" UIDType="Inner" />
          </ID>
          <Parent TaskNumber="0" ItemID="57633" RawItemID="0" TypeHash="0" Path="" STType="" UIDType="Inner">
            <Owner TaskNumber="0" ItemID="57633" RawItemID="0" TypeHash="0" STType="" UIDType="Inner" />
          </Parent>
          <IsValueFromTheme>false</IsValueFromTheme>
          <HasSubTypeName>true</HasSubTypeName>
          <Connections />
          <IsDynamized>false</IsDynamized>
          <ContiniuosUpdate>false</ContiniuosUpdate>
        </Parameter>
        <Parameter Name="Порядок Z" ShortName="57637" Tag="57637" Role="Z" Value="2">
          <ID TaskNumber="0" ItemID="57637" RawItemID="0" TypeHash="6" Path="" STType="DINT" UIDType="Inner">
            <Owner TaskNumber="0" ItemID="57633" RawItemID="0" TypeHash="0" STType="" UIDType="Inner" />
          </ID>
          <Parent TaskNumber="0" ItemID="57633" RawItemID="0" TypeHash="0" Path="" STType="" UIDType="Inner">
            <Owner TaskNumber="0" ItemID="57633" RawItemID="0" TypeHash="0" STType="" UIDType="Inner" />
          </Parent>
          <IsValueFromTheme>false</IsValueFromTheme>
          <HasSubTypeName>true</HasSubTypeName>
          <Connections />
          <IsDynamized>false</IsDynamized>
          <ContiniuosUpdate>false</ContiniuosUpdate>
        </Parameter>
        <Parameter Name="Ширина" ShortName="57638" Tag="57638" Role="Width" Value="1920">
          <ID TaskNumber="0" ItemID="57638" RawItemID="0" TypeHash="1" Path="" STType="LREAL" UIDType="Inner">
            <Owner TaskNumber="0" ItemID="57633" RawItemID="0" TypeHash="0" STType="" UIDType="Inner" />
          </ID>
          <Parent TaskNumber="0" ItemID="57633" RawItemID="0" TypeHash="0" Path="" STType="" UIDType="Inner">
            <Owner TaskNumber="0" ItemID="57633" RawItemID="0" TypeHash="0" STType="" UIDType="Inner" />
          </Parent>
          <IsValueFromTheme>false</IsValueFromTheme>
          <HasSubTypeName>true</HasSubTypeName>
          <Connections />
          <IsDynamized>false</IsDynamized>
          <ContiniuosUpdate>false</ContiniuosUpdate>
        </Parameter>
        <Parameter Name="Высота" ShortName="57639" Tag="57639" Role="Height" Value="140">
          <ID TaskNumber="0" ItemID="57639" RawItemID="0" TypeHash="1" Path="" STType="LREAL" UIDType="Inner">
            <Owner TaskNumber="0" ItemID="57633" RawItemID="0" TypeHash="0" STType="" UIDType="Inner" />
          </ID>
          <Parent TaskNumber="0" ItemID="57633" RawItemID="0" TypeHash="0" Path="" STType="" UIDType="Inner">
            <Owner TaskNumber="0" ItemID="57633" RawItemID="0" TypeHash="0" STType="" UIDType="Inner" />
          </Parent>
          <IsValueFromTheme>false</IsValueFromTheme>
          <HasSubTypeName>true</HasSubTypeName>
          <Connections />
          <IsDynamized>false</IsDynamized>
          <ContiniuosUpdate>false</ContiniuosUpdate>
        </Parameter>
        <Parameter Name="Клавиатурный индекс" ShortName="57640" Tag="57640" Role="TabIndex" Value="1">
          <ID TaskNumber="0" ItemID="57640" RawItemID="0" TypeHash="6" Path="" STType="DINT" UIDType="Inner">
            <Owner TaskNumber="0" ItemID="57633" RawItemID="0" TypeHash="0" STType="" UIDType="Inner" />
          </ID>
          <Parent TaskNumber="0" ItemID="57633" RawItemID="0" TypeHash="0" Path="" STType="" UIDType="Inner">
            <Owner TaskNumber="0" ItemID="57633" RawItemID="0" TypeHash="0" STType="" UIDType="Inner" />
          </Parent>
          <IsValueFromTheme>false</IsValueFromTheme>
          <HasSubTypeName>true</HasSubTypeName>
          <Connections />
          <IsDynamized>false</IsDynamized>
          <ContiniuosUpdate>false</ContiniuosUpdate>
        </Parameter>
        <Parameter Name="Изображение фона" ShortName="57641" Tag="57641" Role="Resource" Value="">
          <ID TaskNumber="0" ItemID="57641" RawItemID="0" TypeHash="4" Path="" STType="STRING" UIDType="Inner">
            <Owner TaskNumber="0" ItemID="57633" RawItemID="0" TypeHash="0" STType="" UIDType="Inner" />
          </ID>
          <Parent TaskNumber="0" ItemID="57633" RawItemID="0" TypeHash="0" Path="" STType="" UIDType="Inner">
            <Owner TaskNumber="0" ItemID="57633" RawItemID="0" TypeHash="0" STType="" UIDType="Inner" />
          </Parent>
          <IsValueFromTheme>false</IsValueFromTheme>
          <HasSubTypeName>true</HasSubTypeName>
          <Connections />
          <IsDynamized>false</IsDynamized>
          <ContiniuosUpdate>false</ContiniuosUpdate>
        </Parameter>
        <Parameter Name="Координата X" ShortName="57642" Tag="57642" Role="X" Value="0">
          <ID TaskNumber="0" ItemID="57642" RawItemID="0" TypeHash="1" Path="" STType="LREAL" UIDType="Inner">
            <Owner TaskNumber="0" ItemID="57633" RawItemID="0" TypeHash="0" STType="" UIDType="Inner" />
          </ID>
          <Parent TaskNumber="0" ItemID="57633" RawItemID="0" TypeHash="0" Path="" STType="" UIDType="Inner">
            <Owner TaskNumber="0" ItemID="57633" RawItemID="0" TypeHash="0" STType="" UIDType="Inner" />
          </Parent>
          <IsValueFromTheme>false</IsValueFromTheme>
          <HasSubTypeName>true</HasSubTypeName>
          <Connections />
          <IsDynamized>false</IsDynamized>
          <ContiniuosUpdate>false</ContiniuosUpdate>
        </Parameter>
        <Parameter Name="Координата Y" ShortName="57643" Tag="57643" Role="Y" Value="940">
          <ID TaskNumber="0" ItemID="57643" RawItemID="0" TypeHash="1" Path="" STType="LREAL" UIDType="Inner">
            <Owner TaskNumber="0" ItemID="57633" RawItemID="0" TypeHash="0" STType="" UIDType="Inner" />
          </ID>
          <Parent TaskNumber="0" ItemID="57633" RawItemID="0" TypeHash="0" Path="" STType="" UIDType="Inner">
            <Owner TaskNumber="0" ItemID="57633" RawItemID="0" TypeHash="0" STType="" UIDType="Inner" />
          </Parent>
          <IsValueFromTheme>false</IsValueFromTheme>
          <HasSubTypeName>true</HasSubTypeName>
          <Connections />
          <IsDynamized>false</IsDynamized>
          <ContiniuosUpdate>false</ContiniuosUpdate>
        </Parameter>
        <Parameter Name="Заливка фона" ShortName="57644" Tag="57644" Role="BackgroundColor" Value="rgb(203,233,207)">
          <ID TaskNumber="0" ItemID="57644" RawItemID="0" TypeHash="4" Path="" STType="HMI.GradientColorType" UIDType="Inner">
            <Owner TaskNumber="0" ItemID="57633" RawItemID="0" TypeHash="0" STType="" UIDType="Inner" />
          </ID>
          <Parent TaskNumber="0" ItemID="57633" RawItemID="0" TypeHash="0" Path="" STType="" UIDType="Inner">
            <Owner TaskNumber="0" ItemID="57633" RawItemID="0" TypeHash="0" STType="" UIDType="Inner" />
          </Parent>
          <IsValueFromTheme>false</IsValueFromTheme>
          <HasSubTypeName>true</HasSubTypeName>
          <Connections />
          <IsDynamized>false</IsDynamized>
          <ContiniuosUpdate>false</ContiniuosUpdate>
        </Parameter>
        <Parameter Name="Стиль линии" ShortName="57645" Tag="57645" Role="BorderStyle" Value="3">
          <ID TaskNumber="0" ItemID="57645" RawItemID="0" TypeHash="5" Path="" STType="HMI.BorderStyleType" UIDType="Inner">
            <Owner TaskNumber="0" ItemID="57633" RawItemID="0" TypeHash="0" STType="" UIDType="Inner" />
          </ID>
          <Parent TaskNumber="0" ItemID="57633" RawItemID="0" TypeHash="0" Path="" STType="" UIDType="Inner">
            <Owner TaskNumber="0" ItemID="57633" RawItemID="0" TypeHash="0" STType="" UIDType="Inner" />
          </Parent>
          <IsValueFromTheme>false</IsValueFromTheme>
          <HasSubTypeName>true</HasSubTypeName>
          <Connections />
          <IsDynamized>false</IsDynamized>
          <ContiniuosUpdate>false</ContiniuosUpdate>
        </Parameter>
        <Parameter Name="XType" ShortName="XType" Tag="0" Role="XType" Value="1">
          <ID TaskNumber="0" ItemID="4294967257" RawItemID="0" TypeHash="5" Path="" STType="HMI.SizeType" UIDType="Inner" />
          <Parent TaskNumber="0" ItemID="57405" RawItemID="0" TypeHash="0" Path="" STType="" UIDType="Inner">
            <Owner TaskNumber="0" ItemID="57405" RawItemID="0" TypeHash="0" STType="" UIDType="Inner" />
          </Parent>
          <IsValueFromTheme>false</IsValueFromTheme>
          <HasSubTypeName>true</HasSubTypeName>
          <IsDynamized>false</IsDynamized>
          <ContiniuosUpdate>false</ContiniuosUpdate>
        </Parameter>
        <Parameter Name="YType" ShortName="YType" Tag="0" Role="YType" Value="1">
          <ID TaskNumber="0" ItemID="4294967256" RawItemID="0" TypeHash="5" Path="" STType="HMI.SizeType" UIDType="Inner" />
          <Parent TaskNumber="0" ItemID="57405" RawItemID="0" TypeHash="0" Path="" STType="" UIDType="Inner">
            <Owner TaskNumber="0" ItemID="57405" RawItemID="0" TypeHash="0" STType="" UIDType="Inner" />
          </Parent>
          <IsValueFromTheme>false</IsValueFromTheme>
          <HasSubTypeName>true</HasSubTypeName>
          <IsDynamized>false</IsDynamized>
          <ContiniuosUpdate>false</ContiniuosUpdate>
        </Parameter>
        <Parameter Name="WidthType" ShortName="WidthType" Tag="0" Role="WidthType" Value="1">
          <ID TaskNumber="0" ItemID="4294967255" RawItemID="0" TypeHash="5" Path="" STType="HMI.SizeType" UIDType="Inner" />
          <Parent TaskNumber="0" ItemID="57405" RawItemID="0" TypeHash="0" Path="" STType="" UIDType="Inner">
            <Owner TaskNumber="0" ItemID="57405" RawItemID="0" TypeHash="0" STType="" UIDType="Inner" />
          </Parent>
          <IsValueFromTheme>false</IsValueFromTheme>
          <HasSubTypeName>true</HasSubTypeName>
          <IsDynamized>false</IsDynamized>
          <ContiniuosUpdate>false</ContiniuosUpdate>
        </Parameter>
        <Parameter Name="HeightType" ShortName="HeightType" Tag="0" Role="HeightType" Value="1">
          <ID TaskNumber="0" ItemID="4294967254" RawItemID="0" TypeHash="5" Path="" STType="HMI.SizeType" UIDType="Inner" />
          <Parent TaskNumber="0" ItemID="57405" RawItemID="0" TypeHash="0" Path="" STType="" UIDType="Inner">
            <Owner TaskNumber="0" ItemID="57405" RawItemID="0" TypeHash="0" STType="" UIDType="Inner" />
          </Parent>
          <IsValueFromTheme>false</IsValueFromTheme>
          <HasSubTypeName>true</HasSubTypeName>
          <IsDynamized>false</IsDynamized>
          <ContiniuosUpdate>false</ContiniuosUpdate>
        </Parameter>
      </Parameters>
      <ObjectId>0</ObjectId>
      <ServerTaskId>-1</ServerTaskId>
      <ServerTaskItemId>0</ServerTaskItemId>
      <HasConnections>false</HasConnections>
    </Element>
    <Element Name="57648" ShortName="Линия 1" Tag="57648" TreeObject="Объект 1">
      <ID TaskNumber="0" ItemID="57648" RawItemID="0" TypeHash="0" Path="" STType="" UIDType="Inner">
        <Owner TaskNumber="0" ItemID="57648" RawItemID="0" TypeHash="0" STType="" UIDType="Inner" />
      </ID>
      <Parent TaskNumber="0" ItemID="57405" RawItemID="0" TypeHash="0" Path="" STType="" UIDType="Inner">
        <Owner TaskNumber="0" ItemID="57405" RawItemID="0" TypeHash="0" STType="" UIDType="Inner" />
      </Parent>
      <UsedSTTypes>
        <string>STRING</string>
        <string>DINT</string>
        <string>LREAL</string>
        <string>HMI.SolidColorType</string>
        <string>HMI.SizeType</string>
      </UsedSTTypes>
      <TypeID TaskNumber="0" ItemID="5187" RawItemID="0" TypeHash="0" Path="" STType="" UIDType="Inner">
        <Owner TaskNumber="0" ItemID="5187" RawItemID="0" TypeHash="0" STType="" UIDType="Inner" />
      </TypeID>
      <Parameters>
        <Parameter Name="Образ" ShortName="57657" Tag="57657" Role="SkinResource" Value="">
          <ID TaskNumber="0" ItemID="57657" RawItemID="0" TypeHash="4" Path="" STType="STRING" UIDType="Inner">
            <Owner TaskNumber="0" ItemID="57648" RawItemID="0" TypeHash="0" STType="" UIDType="Inner" />
          </ID>
          <Parent TaskNumber="0" ItemID="57648" RawItemID="0" TypeHash="0" Path="" STType="" UIDType="Inner">
            <Owner TaskNumber="0" ItemID="57648" RawItemID="0" TypeHash="0" STType="" UIDType="Inner" />
          </Parent>
          <IsValueFromTheme>false</IsValueFromTheme>
          <HasSubTypeName>true</HasSubTypeName>
          <Connections />
          <IsDynamized>false</IsDynamized>
          <ContiniuosUpdate>false</ContiniuosUpdate>
        </Parameter>
        <Parameter Name="Порядок Z" ShortName="57652" Tag="57652" Role="Z" Value="3">
          <ID TaskNumber="0" ItemID="57652" RawItemID="0" TypeHash="6" Path="" STType="DINT" UIDType="Inner">
            <Owner TaskNumber="0" ItemID="57648" RawItemID="0" TypeHash="0" STType="" UIDType="Inner" />
          </ID>
          <Parent TaskNumber="0" ItemID="57648" RawItemID="0" TypeHash="0" Path="" STType="" UIDType="Inner">
            <Owner TaskNumber="0" ItemID="57648" RawItemID="0" TypeHash="0" STType="" UIDType="Inner" />
          </Parent>
          <IsValueFromTheme>false</IsValueFromTheme>
          <HasSubTypeName>true</HasSubTypeName>
          <Connections />
          <IsDynamized>false</IsDynamized>
          <ContiniuosUpdate>false</ContiniuosUpdate>
        </Parameter>
        <Parameter Name="Ширина" ShortName="57650" Tag="57650" Role="Width" Value="-0">
          <ID TaskNumber="0" ItemID="57650" RawItemID="0" TypeHash="1" Path="" STType="LREAL" UIDType="Inner">
            <Owner TaskNumber="0" ItemID="57648" RawItemID="0" TypeHash="0" STType="" UIDType="Inner" />
          </ID>
          <Parent TaskNumber="0" ItemID="57648" RawItemID="0" TypeHash="0" Path="" STType="" UIDType="Inner">
            <Owner TaskNumber="0" ItemID="57648" RawItemID="0" TypeHash="0" STType="" UIDType="Inner" />
          </Parent>
          <IsValueFromTheme>false</IsValueFromTheme>
          <HasSubTypeName>true</HasSubTypeName>
          <Connections />
          <IsDynamized>false</IsDynamized>
          <ContiniuosUpdate>false</ContiniuosUpdate>
        </Parameter>
        <Parameter Name="Высота" ShortName="57651" Tag="57651" Role="Height" Value="-650">
          <ID TaskNumber="0" ItemID="57651" RawItemID="0" TypeHash="1" Path="" STType="LREAL" UIDType="Inner">
            <Owner TaskNumber="0" ItemID="57648" RawItemID="0" TypeHash="0" STType="" UIDType="Inner" />
          </ID>
          <Parent TaskNumber="0" ItemID="57648" RawItemID="0" TypeHash="0" Path="" STType="" UIDType="Inner">
            <Owner TaskNumber="0" ItemID="57648" RawItemID="0" TypeHash="0" STType="" UIDType="Inner" />
          </Parent>
          <IsValueFromTheme>false</IsValueFromTheme>
          <HasSubTypeName>true</HasSubTypeName>
          <Connections />
          <IsDynamized>false</IsDynamized>
          <ContiniuosUpdate>false</ContiniuosUpdate>
        </Parameter>
        <Parameter Name="Клавиатурный индекс" ShortName="57655" Tag="57655" Role="TabIndex" Value="2">
          <ID TaskNumber="0" ItemID="57655" RawItemID="0" TypeHash="6" Path="" STType="DINT" UIDType="Inner">
            <Owner TaskNumber="0" ItemID="57648" RawItemID="0" TypeHash="0" STType="" UIDType="Inner" />
          </ID>
          <Parent TaskNumber="0" ItemID="57648" RawItemID="0" TypeHash="0" Path="" STType="" UIDType="Inner">
            <Owner TaskNumber="0" ItemID="57648" RawItemID="0" TypeHash="0" STType="" UIDType="Inner" />
          </Parent>
          <IsValueFromTheme>false</IsValueFromTheme>
          <HasSubTypeName>true</HasSubTypeName>
          <Connections />
          <IsDynamized>false</IsDynamized>
          <ContiniuosUpdate>false</ContiniuosUpdate>
        </Parameter>
        <Parameter Name="Изображение фона" ShortName="57656" Tag="57656" Role="Resource" Value="">
          <ID TaskNumber="0" ItemID="57656" RawItemID="0" TypeHash="4" Path="" STType="STRING" UIDType="Inner">
            <Owner TaskNumber="0" ItemID="57648" RawItemID="0" TypeHash="0" STType="" UIDType="Inner" />
          </ID>
          <Parent TaskNumber="0" ItemID="57648" RawItemID="0" TypeHash="0" Path="" STType="" UIDType="Inner">
            <Owner TaskNumber="0" ItemID="57648" RawItemID="0" TypeHash="0" STType="" UIDType="Inner" />
          </Parent>
          <IsValueFromTheme>false</IsValueFromTheme>
          <HasSubTypeName>true</HasSubTypeName>
          <Connections />
          <IsDynamized>false</IsDynamized>
          <ContiniuosUpdate>false</ContiniuosUpdate>
        </Parameter>
        <Parameter Name="Координата X" ShortName="57653" Tag="57653" Role="X" Value="240">
          <ID TaskNumber="0" ItemID="57653" RawItemID="0" TypeHash="1" Path="" STType="LREAL" UIDType="Inner">
            <Owner TaskNumber="0" ItemID="57648" RawItemID="0" TypeHash="0" STType="" UIDType="Inner" />
          </ID>
          <Parent TaskNumber="0" ItemID="57648" RawItemID="0" TypeHash="0" Path="" STType="" UIDType="Inner">
            <Owner TaskNumber="0" ItemID="57648" RawItemID="0" TypeHash="0" STType="" UIDType="Inner" />
          </Parent>
          <IsValueFromTheme>false</IsValueFromTheme>
          <HasSubTypeName>true</HasSubTypeName>
          <Connections />
          <IsDynamized>false</IsDynamized>
          <ContiniuosUpdate>false</ContiniuosUpdate>
        </Parameter>
        <Parameter Name="Координата Y" ShortName="57654" Tag="57654" Role="Y" Value="870">
          <ID TaskNumber="0" ItemID="57654" RawItemID="0" TypeHash="1" Path="" STType="LREAL" UIDType="Inner">
            <Owner TaskNumber="0" ItemID="57648" RawItemID="0" TypeHash="0" STType="" UIDType="Inner" />
          </ID>
          <Parent TaskNumber="0" ItemID="57648" RawItemID="0" TypeHash="0" Path="" STType="" UIDType="Inner">
            <Owner TaskNumber="0" ItemID="57648" RawItemID="0" TypeHash="0" STType="" UIDType="Inner" />
          </Parent>
          <IsValueFromTheme>false</IsValueFromTheme>
          <HasSubTypeName>true</HasSubTypeName>
          <Connections />
          <IsDynamized>false</IsDynamized>
          <ContiniuosUpdate>false</ContiniuosUpdate>
        </Parameter>
        <Parameter Name="Толщина линии" ShortName="57661" Tag="57661" Role="BorderThickness" Value="10">
          <ID TaskNumber="0" ItemID="57661" RawItemID="0" TypeHash="1" Path="" STType="LREAL" UIDType="Inner">
            <Owner TaskNumber="0" ItemID="57648" RawItemID="0" TypeHash="0" STType="" UIDType="Inner" />
          </ID>
          <Parent TaskNumber="0" ItemID="57648" RawItemID="0" TypeHash="0" Path="" STType="" UIDType="Inner">
            <Owner TaskNumber="0" ItemID="57648" RawItemID="0" TypeHash="0" STType="" UIDType="Inner" />
          </Parent>
          <IsValueFromTheme>false</IsValueFromTheme>
          <HasSubTypeName>true</HasSubTypeName>
          <Connections />
          <IsDynamized>false</IsDynamized>
          <ContiniuosUpdate>false</ContiniuosUpdate>
        </Parameter>
        <Parameter Name="Цвет линии" ShortName="57662" Tag="57662" Role="BorderColor" Value="rgb(63,126,95)">
          <ID TaskNumber="0" ItemID="57662" RawItemID="0" TypeHash="4" Path="" STType="HMI.SolidColorType" UIDType="Inner">
            <Owner TaskNumber="0" ItemID="57648" RawItemID="0" TypeHash="0" STType="" UIDType="Inner" />
          </ID>
          <Parent TaskNumber="0" ItemID="57648" RawItemID="0" TypeHash="0" Path="" STType="" UIDType="Inner">
            <Owner TaskNumber="0" ItemID="57648" RawItemID="0" TypeHash="0" STType="" UIDType="Inner" />
          </Parent>
          <IsValueFromTheme>false</IsValueFromTheme>
          <HasSubTypeName>true</HasSubTypeName>
          <Connections />
          <IsDynamized>false</IsDynamized>
          <ContiniuosUpdate>false</ContiniuosUpdate>
        </Parameter>
        <Parameter Name="XType" ShortName="XType" Tag="0" Role="XType" Value="1">
          <ID TaskNumber="0" ItemID="4294967253" RawItemID="0" TypeHash="5" Path="" STType="HMI.SizeType" UIDType="Inner" />
          <Parent TaskNumber="0" ItemID="57405" RawItemID="0" TypeHash="0" Path="" STType="" UIDType="Inner">
            <Owner TaskNumber="0" ItemID="57405" RawItemID="0" TypeHash="0" STType="" UIDType="Inner" />
          </Parent>
          <IsValueFromTheme>false</IsValueFromTheme>
          <HasSubTypeName>true</HasSubTypeName>
          <IsDynamized>false</IsDynamized>
          <ContiniuosUpdate>false</ContiniuosUpdate>
        </Parameter>
        <Parameter Name="YType" ShortName="YType" Tag="0" Role="YType" Value="1">
          <ID TaskNumber="0" ItemID="4294967252" RawItemID="0" TypeHash="5" Path="" STType="HMI.SizeType" UIDType="Inner" />
          <Parent TaskNumber="0" ItemID="57405" RawItemID="0" TypeHash="0" Path="" STType="" UIDType="Inner">
            <Owner TaskNumber="0" ItemID="57405" RawItemID="0" TypeHash="0" STType="" UIDType="Inner" />
          </Parent>
          <IsValueFromTheme>false</IsValueFromTheme>
          <HasSubTypeName>true</HasSubTypeName>
          <IsDynamized>false</IsDynamized>
          <ContiniuosUpdate>false</ContiniuosUpdate>
        </Parameter>
        <Parameter Name="WidthType" ShortName="WidthType" Tag="0" Role="WidthType" Value="1">
          <ID TaskNumber="0" ItemID="4294967251" RawItemID="0" TypeHash="5" Path="" STType="HMI.SizeType" UIDType="Inner" />
          <Parent TaskNumber="0" ItemID="57405" RawItemID="0" TypeHash="0" Path="" STType="" UIDType="Inner">
            <Owner TaskNumber="0" ItemID="57405" RawItemID="0" TypeHash="0" STType="" UIDType="Inner" />
          </Parent>
          <IsValueFromTheme>false</IsValueFromTheme>
          <HasSubTypeName>true</HasSubTypeName>
          <IsDynamized>false</IsDynamized>
          <ContiniuosUpdate>false</ContiniuosUpdate>
        </Parameter>
        <Parameter Name="HeightType" ShortName="HeightType" Tag="0" Role="HeightType" Value="1">
          <ID TaskNumber="0" ItemID="4294967250" RawItemID="0" TypeHash="5" Path="" STType="HMI.SizeType" UIDType="Inner" />
          <Parent TaskNumber="0" ItemID="57405" RawItemID="0" TypeHash="0" Path="" STType="" UIDType="Inner">
            <Owner TaskNumber="0" ItemID="57405" RawItemID="0" TypeHash="0" STType="" UIDType="Inner" />
          </Parent>
          <IsValueFromTheme>false</IsValueFromTheme>
          <HasSubTypeName>true</HasSubTypeName>
          <IsDynamized>false</IsDynamized>
          <ContiniuosUpdate>false</ContiniuosUpdate>
        </Parameter>
      </Parameters>
      <ObjectId>0</ObjectId>
      <ServerTaskId>-1</ServerTaskId>
      <ServerTaskItemId>0</ServerTaskItemId>
      <HasConnections>false</HasConnections>
    </Element>
    <Element Name="57663" ShortName="Овал 1" Tag="57663" TreeObject="Объект 1">
      <ID TaskNumber="0" ItemID="57663" RawItemID="0" TypeHash="0" Path="" STType="" UIDType="Inner">
        <Owner TaskNumber="0" ItemID="57663" RawItemID="0" TypeHash="0" STType="" UIDType="Inner" />
      </ID>
      <Parent TaskNumber="0" ItemID="57405" RawItemID="0" TypeHash="0" Path="" STType="" UIDType="Inner">
        <Owner TaskNumber="0" ItemID="57405" RawItemID="0" TypeHash="0" STType="" UIDType="Inner" />
      </Parent>
      <UsedSTTypes>
        <string>STRING</string>
        <string>DINT</string>
        <string>LREAL</string>
        <string>BOOL</string>
        <string>HMI.GradientColorType</string>
        <string>HMI.SolidColorType</string>
        <string>HMI.SizeType</string>
      </UsedSTTypes>
      <TypeID TaskNumber="0" ItemID="4704" RawItemID="0" TypeHash="0" Path="" STType="" UIDType="Inner">
        <Owner TaskNumber="0" ItemID="4704" RawItemID="0" TypeHash="0" STType="" UIDType="Inner" />
      </TypeID>
      <Parameters>
        <Parameter Name="Образ" ShortName="57672" Tag="57672" Role="SkinResource" Value="">
          <ID TaskNumber="0" ItemID="57672" RawItemID="0" TypeHash="4" Path="" STType="STRING" UIDType="Inner">
            <Owner TaskNumber="0" ItemID="57663" RawItemID="0" TypeHash="0" STType="" UIDType="Inner" />
          </ID>
          <Parent TaskNumber="0" ItemID="57663" RawItemID="0" TypeHash="0" Path="" STType="" UIDType="Inner">
            <Owner TaskNumber="0" ItemID="57663" RawItemID="0" TypeHash="0" STType="" UIDType="Inner" />
          </Parent>
          <IsValueFromTheme>false</IsValueFromTheme>
          <HasSubTypeName>true</HasSubTypeName>
          <Connections />
          <IsDynamized>false</IsDynamized>
          <ContiniuosUpdate>false</ContiniuosUpdate>
        </Parameter>
        <Parameter Name="Порядок Z" ShortName="57667" Tag="57667" Role="Z" Value="4">
          <ID TaskNumber="0" ItemID="57667" RawItemID="0" TypeHash="6" Path="" STType="DINT" UIDType="Inner">
            <Owner TaskNumber="0" ItemID="57663" RawItemID="0" TypeHash="0" STType="" UIDType="Inner" />
          </ID>
          <Parent TaskNumber="0" ItemID="57663" RawItemID="0" TypeHash="0" Path="" STType="" UIDType="Inner">
            <Owner TaskNumber="0" ItemID="57663" RawItemID="0" TypeHash="0" STType="" UIDType="Inner" />
          </Parent>
          <IsValueFromTheme>false</IsValueFromTheme>
          <HasSubTypeName>true</HasSubTypeName>
          <Connections />
          <IsDynamized>false</IsDynamized>
          <ContiniuosUpdate>false</ContiniuosUpdate>
        </Parameter>
        <Parameter Name="Ширина" ShortName="57665" Tag="57665" Role="Width" Value="100">
          <ID TaskNumber="0" ItemID="57665" RawItemID="0" TypeHash="1" Path="" STType="LREAL" UIDType="Inner">
            <Owner TaskNumber="0" ItemID="57663" RawItemID="0" TypeHash="0" STType="" UIDType="Inner" />
          </ID>
          <Parent TaskNumber="0" ItemID="57663" RawItemID="0" TypeHash="0" Path="" STType="" UIDType="Inner">
            <Owner TaskNumber="0" ItemID="57663" RawItemID="0" TypeHash="0" STType="" UIDType="Inner" />
          </Parent>
          <IsValueFromTheme>false</IsValueFromTheme>
          <HasSubTypeName>true</HasSubTypeName>
          <Connections />
          <IsDynamized>false</IsDynamized>
          <ContiniuosUpdate>false</ContiniuosUpdate>
        </Parameter>
        <Parameter Name="Высота" ShortName="57666" Tag="57666" Role="Height" Value="50">
          <ID TaskNumber="0" ItemID="57666" RawItemID="0" TypeHash="1" Path="" STType="LREAL" UIDType="Inner">
            <Owner TaskNumber="0" ItemID="57663" RawItemID="0" TypeHash="0" STType="" UIDType="Inner" />
          </ID>
          <Parent TaskNumber="0" ItemID="57663" RawItemID="0" TypeHash="0" Path="" STType="" UIDType="Inner">
            <Owner TaskNumber="0" ItemID="57663" RawItemID="0" TypeHash="0" STType="" UIDType="Inner" />
          </Parent>
          <IsValueFromTheme>false</IsValueFromTheme>
          <HasSubTypeName>true</HasSubTypeName>
          <Connections />
          <IsDynamized>false</IsDynamized>
          <ContiniuosUpdate>false</ContiniuosUpdate>
        </Parameter>
        <Parameter Name="Клавиатурный индекс" ShortName="57670" Tag="57670" Role="TabIndex" Value="3">
          <ID TaskNumber="0" ItemID="57670" RawItemID="0" TypeHash="6" Path="" STType="DINT" UIDType="Inner">
            <Owner TaskNumber="0" ItemID="57663" RawItemID="0" TypeHash="0" STType="" UIDType="Inner" />
          </ID>
          <Parent TaskNumber="0" ItemID="57663" RawItemID="0" TypeHash="0" Path="" STType="" UIDType="Inner">
            <Owner TaskNumber="0" ItemID="57663" RawItemID="0" TypeHash="0" STType="" UIDType="Inner" />
          </Parent>
          <IsValueFromTheme>false</IsValueFromTheme>
          <HasSubTypeName>true</HasSubTypeName>
          <Connections />
          <IsDynamized>false</IsDynamized>
          <ContiniuosUpdate>false</ContiniuosUpdate>
        </Parameter>
        <Parameter Name="Изображение фона" ShortName="57671" Tag="57671" Role="Resource" Value="">
          <ID TaskNumber="0" ItemID="57671" RawItemID="0" TypeHash="4" Path="" STType="STRING" UIDType="Inner">
            <Owner TaskNumber="0" ItemID="57663" RawItemID="0" TypeHash="0" STType="" UIDType="Inner" />
          </ID>
          <Parent TaskNumber="0" ItemID="57663" RawItemID="0" TypeHash="0" Path="" STType="" UIDType="Inner">
            <Owner TaskNumber="0" ItemID="57663" RawItemID="0" TypeHash="0" STType="" UIDType="Inner" />
          </Parent>
          <IsValueFromTheme>false</IsValueFromTheme>
          <HasSubTypeName>true</HasSubTypeName>
          <Connections />
          <IsDynamized>false</IsDynamized>
          <ContiniuosUpdate>false</ContiniuosUpdate>
        </Parameter>
        <Parameter Name="Координата X" ShortName="57668" Tag="57668" Role="X" Value="190">
          <ID TaskNumber="0" ItemID="57668" RawItemID="0" TypeHash="1" Path="" STType="LREAL" UIDType="Inner">
            <Owner TaskNumber="0" ItemID="57663" RawItemID="0" TypeHash="0" STType="" UIDType="Inner" />
          </ID>
          <Parent TaskNumber="0" ItemID="57663" RawItemID="0" TypeHash="0" Path="" STType="" UIDType="Inner">
            <Owner TaskNumber="0" ItemID="57663" RawItemID="0" TypeHash="0" STType="" UIDType="Inner" />
          </Parent>
          <IsValueFromTheme>false</IsValueFromTheme>
          <HasSubTypeName>true</HasSubTypeName>
          <Connections />
          <IsDynamized>false</IsDynamized>
          <ContiniuosUpdate>false</ContiniuosUpdate>
        </Parameter>
        <Parameter Name="Координата Y" ShortName="57669" Tag="57669" Role="Y" Value="310">
          <ID TaskNumber="0" ItemID="57669" RawItemID="0" TypeHash="1" Path="" STType="LREAL" UIDType="Inner">
            <Owner TaskNumber="0" ItemID="57663" RawItemID="0" TypeHash="0" STType="" UIDType="Inner" />
          </ID>
          <Parent TaskNumber="0" ItemID="57663" RawItemID="0" TypeHash="0" Path="" STType="" UIDType="Inner">
            <Owner TaskNumber="0" ItemID="57663" RawItemID="0" TypeHash="0" STType="" UIDType="Inner" />
          </Parent>
          <IsValueFromTheme>false</IsValueFromTheme>
          <HasSubTypeName>true</HasSubTypeName>
          <Connections />
          <IsDynamized>false</IsDynamized>
          <ContiniuosUpdate>false</ContiniuosUpdate>
        </Parameter>
        <Parameter Name="Мигание" ShortName="57676" Tag="57676" Role="Flash" Value="False">
          <ID TaskNumber="0" ItemID="57676" RawItemID="0" TypeHash="3" Path="" STType="BOOL" UIDType="Inner">
            <Owner TaskNumber="0" ItemID="57663" RawItemID="0" TypeHash="0" STType="" UIDType="Inner" />
          </ID>
          <Parent TaskNumber="0" ItemID="57663" RawItemID="0" TypeHash="0" Path="" STType="" UIDType="Inner">
            <Owner TaskNumber="0" ItemID="57663" RawItemID="0" TypeHash="0" STType="" UIDType="Inner" />
          </Parent>
          <IsValueFromTheme>false</IsValueFromTheme>
          <HasSubTypeName>true</HasSubTypeName>
          <Connections />
          <IsDynamized>false</IsDynamized>
          <ContiniuosUpdate>false</ContiniuosUpdate>
        </Parameter>
        <Parameter Name="Заливка фона" ShortName="57677" Tag="57677" Role="BackgroundColor" Value="rgb(145,216,156)">
          <ID TaskNumber="0" ItemID="57677" RawItemID="0" TypeHash="4" Path="" STType="HMI.GradientColorType" UIDType="Inner">
            <Owner TaskNumber="0" ItemID="57663" RawItemID="0" TypeHash="0" STType="" UIDType="Inner" />
          </ID>
          <Parent TaskNumber="0" ItemID="57663" RawItemID="0" TypeHash="0" Path="" STType="" UIDType="Inner">
            <Owner TaskNumber="0" ItemID="57663" RawItemID="0" TypeHash="0" STType="" UIDType="Inner" />
          </Parent>
          <IsValueFromTheme>false</IsValueFromTheme>
          <HasSubTypeName>true</HasSubTypeName>
          <Connections />
          <IsDynamized>false</IsDynamized>
          <ContiniuosUpdate>false</ContiniuosUpdate>
        </Parameter>
        <Parameter Name="Толщина линии" ShortName="57678" Tag="57678" Role="BorderThickness" Value="3">
          <ID TaskNumber="0" ItemID="57678" RawItemID="0" TypeHash="1" Path="" STType="LREAL" UIDType="Inner">
            <Owner TaskNumber="0" ItemID="57663" RawItemID="0" TypeHash="0" STType="" UIDType="Inner" />
          </ID>
          <Parent TaskNumber="0" ItemID="57663" RawItemID="0" TypeHash="0" Path="" STType="" UIDType="Inner">
            <Owner TaskNumber="0" ItemID="57663" RawItemID="0" TypeHash="0" STType="" UIDType="Inner" />
          </Parent>
          <IsValueFromTheme>false</IsValueFromTheme>
          <HasSubTypeName>true</HasSubTypeName>
          <Connections />
          <IsDynamized>false</IsDynamized>
          <ContiniuosUpdate>false</ContiniuosUpdate>
        </Parameter>
        <Parameter Name="Цвет линии" ShortName="57679" Tag="57679" Role="BorderColor" Value="rgb(63,126,95)">
          <ID TaskNumber="0" ItemID="57679" RawItemID="0" TypeHash="4" Path="" STType="HMI.SolidColorType" UIDType="Inner">
            <Owner TaskNumber="0" ItemID="57663" RawItemID="0" TypeHash="0" STType="" UIDType="Inner" />
          </ID>
          <Parent TaskNumber="0" ItemID="57663" RawItemID="0" TypeHash="0" Path="" STType="" UIDType="Inner">
            <Owner TaskNumber="0" ItemID="57663" RawItemID="0" TypeHash="0" STType="" UIDType="Inner" />
          </Parent>
          <IsValueFromTheme>false</IsValueFromTheme>
          <HasSubTypeName>true</HasSubTypeName>
          <Connections />
          <IsDynamized>false</IsDynamized>
          <ContiniuosUpdate>false</ContiniuosUpdate>
        </Parameter>
        <Parameter Name="XType" ShortName="XType" Tag="0" Role="XType" Value="1">
          <ID TaskNumber="0" ItemID="4294967249" RawItemID="0" TypeHash="5" Path="" STType="HMI.SizeType" UIDType="Inner" />
          <Parent TaskNumber="0" ItemID="57405" RawItemID="0" TypeHash="0" Path="" STType="" UIDType="Inner">
            <Owner TaskNumber="0" ItemID="57405" RawItemID="0" TypeHash="0" STType="" UIDType="Inner" />
          </Parent>
          <IsValueFromTheme>false</IsValueFromTheme>
          <HasSubTypeName>true</HasSubTypeName>
          <IsDynamized>false</IsDynamized>
          <ContiniuosUpdate>false</ContiniuosUpdate>
        </Parameter>
        <Parameter Name="YType" ShortName="YType" Tag="0" Role="YType" Value="1">
          <ID TaskNumber="0" ItemID="4294967248" RawItemID="0" TypeHash="5" Path="" STType="HMI.SizeType" UIDType="Inner" />
          <Parent TaskNumber="0" ItemID="57405" RawItemID="0" TypeHash="0" Path="" STType="" UIDType="Inner">
            <Owner TaskNumber="0" ItemID="57405" RawItemID="0" TypeHash="0" STType="" UIDType="Inner" />
          </Parent>
          <IsValueFromTheme>false</IsValueFromTheme>
          <HasSubTypeName>true</HasSubTypeName>
          <IsDynamized>false</IsDynamized>
          <ContiniuosUpdate>false</ContiniuosUpdate>
        </Parameter>
        <Parameter Name="WidthType" ShortName="WidthType" Tag="0" Role="WidthType" Value="1">
          <ID TaskNumber="0" ItemID="4294967247" RawItemID="0" TypeHash="5" Path="" STType="HMI.SizeType" UIDType="Inner" />
          <Parent TaskNumber="0" ItemID="57405" RawItemID="0" TypeHash="0" Path="" STType="" UIDType="Inner">
            <Owner TaskNumber="0" ItemID="57405" RawItemID="0" TypeHash="0" STType="" UIDType="Inner" />
          </Parent>
          <IsValueFromTheme>false</IsValueFromTheme>
          <HasSubTypeName>true</HasSubTypeName>
          <IsDynamized>false</IsDynamized>
          <ContiniuosUpdate>false</ContiniuosUpdate>
        </Parameter>
        <Parameter Name="HeightType" ShortName="HeightType" Tag="0" Role="HeightType" Value="1">
          <ID TaskNumber="0" ItemID="4294967246" RawItemID="0" TypeHash="5" Path="" STType="HMI.SizeType" UIDType="Inner" />
          <Parent TaskNumber="0" ItemID="57405" RawItemID="0" TypeHash="0" Path="" STType="" UIDType="Inner">
            <Owner TaskNumber="0" ItemID="57405" RawItemID="0" TypeHash="0" STType="" UIDType="Inner" />
          </Parent>
          <IsValueFromTheme>false</IsValueFromTheme>
          <HasSubTypeName>true</HasSubTypeName>
          <IsDynamized>false</IsDynamized>
          <ContiniuosUpdate>false</ContiniuosUpdate>
        </Parameter>
      </Parameters>
      <ObjectId>0</ObjectId>
      <ServerTaskId>-1</ServerTaskId>
      <ServerTaskItemId>0</ServerTaskItemId>
      <HasConnections>false</HasConnections>
    </Element>
    <Element Name="107241" ShortName="Текст 1" Tag="107241" TreeObject="Объект 1">
      <ID TaskNumber="0" ItemID="107241" RawItemID="0" TypeHash="0" Path="" STType="" UIDType="Inner">
        <Owner TaskNumber="0" ItemID="107241" RawItemID="0" TypeHash="0" STType="" UIDType="Inner" />
      </ID>
      <Parent TaskNumber="0" ItemID="57405" RawItemID="0" TypeHash="0" Path="" STType="" UIDType="Inner">
        <Owner TaskNumber="0" ItemID="57405" RawItemID="0" TypeHash="0" STType="" UIDType="Inner" />
      </Parent>
      <UsedSTTypes>
        <string>STRING</string>
        <string>DINT</string>
        <string>LREAL</string>
        <string>BYTE</string>
        <string>HMI.SolidColorType</string>
        <string>HMI.SizeType</string>
      </UsedSTTypes>
      <TypeID TaskNumber="0" ItemID="8945" RawItemID="0" TypeHash="0" Path="" STType="" UIDType="Inner">
        <Owner TaskNumber="0" ItemID="8945" RawItemID="0" TypeHash="0" STType="" UIDType="Inner" />
      </TypeID>
      <Parameters>
        <Parameter Name="Образ" ShortName="107250" Tag="107250" Role="SkinResource" Value="">
          <ID TaskNumber="0" ItemID="107250" RawItemID="0" TypeHash="4" Path="" STType="STRING" UIDType="Inner">
            <Owner TaskNumber="0" ItemID="107241" RawItemID="0" TypeHash="0" STType="" UIDType="Inner" />
          </ID>
          <Parent TaskNumber="0" ItemID="107241" RawItemID="0" TypeHash="0" Path="" STType="" UIDType="Inner">
            <Owner TaskNumber="0" ItemID="107241" RawItemID="0" TypeHash="0" STType="" UIDType="Inner" />
          </Parent>
          <IsValueFromTheme>false</IsValueFromTheme>
          <HasSubTypeName>true</HasSubTypeName>
          <Connections />
          <IsDynamized>false</IsDynamized>
          <ContiniuosUpdate>false</ContiniuosUpdate>
        </Parameter>
        <Parameter Name="Порядок Z" ShortName="107245" Tag="107245" Role="Z" Value="5">
          <ID TaskNumber="0" ItemID="107245" RawItemID="0" TypeHash="6" Path="" STType="DINT" UIDType="Inner">
            <Owner TaskNumber="0" ItemID="107241" RawItemID="0" TypeHash="0" STType="" UIDType="Inner" />
          </ID>
          <Parent TaskNumber="0" ItemID="107241" RawItemID="0" TypeHash="0" Path="" STType="" UIDType="Inner">
            <Owner TaskNumber="0" ItemID="107241" RawItemID="0" TypeHash="0" STType="" UIDType="Inner" />
          </Parent>
          <IsValueFromTheme>false</IsValueFromTheme>
          <HasSubTypeName>true</HasSubTypeName>
          <Connections />
          <IsDynamized>false</IsDynamized>
          <ContiniuosUpdate>false</ContiniuosUpdate>
        </Parameter>
        <Parameter Name="Ширина" ShortName="107243" Tag="107243" Role="Width" Value="1920">
          <ID TaskNumber="0" ItemID="107243" RawItemID="0" TypeHash="1" Path="" STType="LREAL" UIDType="Inner">
            <Owner TaskNumber="0" ItemID="107241" RawItemID="0" TypeHash="0" STType="" UIDType="Inner" />
          </ID>
          <Parent TaskNumber="0" ItemID="107241" RawItemID="0" TypeHash="0" Path="" STType="" UIDType="Inner">
            <Owner TaskNumber="0" ItemID="107241" RawItemID="0" TypeHash="0" STType="" UIDType="Inner" />
          </Parent>
          <IsValueFromTheme>false</IsValueFromTheme>
          <HasSubTypeName>true</HasSubTypeName>
          <Connections />
          <IsDynamized>false</IsDynamized>
          <ContiniuosUpdate>false</ContiniuosUpdate>
        </Parameter>
        <Parameter Name="Высота" ShortName="107244" Tag="107244" Role="Height" Value="140">
          <ID TaskNumber="0" ItemID="107244" RawItemID="0" TypeHash="1" Path="" STType="LREAL" UIDType="Inner">
            <Owner TaskNumber="0" ItemID="107241" RawItemID="0" TypeHash="0" STType="" UIDType="Inner" />
          </ID>
          <Parent TaskNumber="0" ItemID="107241" RawItemID="0" TypeHash="0" Path="" STType="" UIDType="Inner">
            <Owner TaskNumber="0" ItemID="107241" RawItemID="0" TypeHash="0" STType="" UIDType="Inner" />
          </Parent>
          <IsValueFromTheme>false</IsValueFromTheme>
          <HasSubTypeName>true</HasSubTypeName>
          <Connections />
          <IsDynamized>false</IsDynamized>
          <ContiniuosUpdate>false</ContiniuosUpdate>
        </Parameter>
        <Parameter Name="Клавиатурный индекс" ShortName="107248" Tag="107248" Role="TabIndex" Value="4">
          <ID TaskNumber="0" ItemID="107248" RawItemID="0" TypeHash="6" Path="" STType="DINT" UIDType="Inner">
            <Owner TaskNumber="0" ItemID="107241" RawItemID="0" TypeHash="0" STType="" UIDType="Inner" />
          </ID>
          <Parent TaskNumber="0" ItemID="107241" RawItemID="0" TypeHash="0" Path="" STType="" UIDType="Inner">
            <Owner TaskNumber="0" ItemID="107241" RawItemID="0" TypeHash="0" STType="" UIDType="Inner" />
          </Parent>
          <IsValueFromTheme>false</IsValueFromTheme>
          <HasSubTypeName>true</HasSubTypeName>
          <Connections />
          <IsDynamized>false</IsDynamized>
          <ContiniuosUpdate>false</ContiniuosUpdate>
        </Parameter>
        <Parameter Name="Изображение фона" ShortName="107249" Tag="107249" Role="Resource" Value="">
          <ID TaskNumber="0" ItemID="107249" RawItemID="0" TypeHash="4" Path="" STType="STRING" UIDType="Inner">
            <Owner TaskNumber="0" ItemID="107241" RawItemID="0" TypeHash="0" STType="" UIDType="Inner" />
          </ID>
          <Parent TaskNumber="0" ItemID="107241" RawItemID="0" TypeHash="0" Path="" STType="" UIDType="Inner">
            <Owner TaskNumber="0" ItemID="107241" RawItemID="0" TypeHash="0" STType="" UIDType="Inner" />
          </Parent>
          <IsValueFromTheme>false</IsValueFromTheme>
          <HasSubTypeName>true</HasSubTypeName>
          <Connections />
          <IsDynamized>false</IsDynamized>
          <ContiniuosUpdate>false</ContiniuosUpdate>
        </Parameter>
        <Parameter Name="Координата X" ShortName="107246" Tag="107246" Role="X" Value="0">
          <ID TaskNumber="0" ItemID="107246" RawItemID="0" TypeHash="1" Path="" STType="LREAL" UIDType="Inner">
            <Owner TaskNumber="0" ItemID="107241" RawItemID="0" TypeHash="0" STType="" UIDType="Inner" />
          </ID>
          <Parent TaskNumber="0" ItemID="107241" RawItemID="0" TypeHash="0" Path="" STType="" UIDType="Inner">
            <Owner TaskNumber="0" ItemID="107241" RawItemID="0" TypeHash="0" STType="" UIDType="Inner" />
          </Parent>
          <IsValueFromTheme>false</IsValueFromTheme>
          <HasSubTypeName>true</HasSubTypeName>
          <Connections />
          <IsDynamized>false</IsDynamized>
          <ContiniuosUpdate>false</ContiniuosUpdate>
        </Parameter>
        <Parameter Name="Координата Y" ShortName="107247" Tag="107247" Role="Y" Value="0">
          <ID TaskNumber="0" ItemID="107247" RawItemID="0" TypeHash="1" Path="" STType="LREAL" UIDType="Inner">
            <Owner TaskNumber="0" ItemID="107241" RawItemID="0" TypeHash="0" STType="" UIDType="Inner" />
          </ID>
          <Parent TaskNumber="0" ItemID="107241" RawItemID="0" TypeHash="0" Path="" STType="" UIDType="Inner">
            <Owner TaskNumber="0" ItemID="107241" RawItemID="0" TypeHash="0" STType="" UIDType="Inner" />
          </Parent>
          <IsValueFromTheme>false</IsValueFromTheme>
          <HasSubTypeName>true</HasSubTypeName>
          <Connections />
          <IsDynamized>false</IsDynamized>
          <ContiniuosUpdate>false</ContiniuosUpdate>
        </Parameter>
        <Parameter Name="Текст" ShortName="107254" Tag="107254" Role="Text" Value="Обработка">
          <ID TaskNumber="0" ItemID="107254" RawItemID="0" TypeHash="4" Path="" STType="STRING" UIDType="Inner">
            <Owner TaskNumber="0" ItemID="107241" RawItemID="0" TypeHash="0" STType="" UIDType="Inner" />
          </ID>
          <Parent TaskNumber="0" ItemID="107241" RawItemID="0" TypeHash="0" Path="" STType="" UIDType="Inner">
            <Owner TaskNumber="0" ItemID="107241" RawItemID="0" TypeHash="0" STType="" UIDType="Inner" />
          </Parent>
          <IsValueFromTheme>false</IsValueFromTheme>
          <HasSubTypeName>true</HasSubTypeName>
          <Connections />
          <IsDynamized>false</IsDynamized>
          <ContiniuosUpdate>false</ContiniuosUpdate>
        </Parameter>
        <Parameter Name="Размер текста" ShortName="107255" Tag="107255" Role="FontSize" Value="70">
          <ID TaskNumber="0" ItemID="107255" RawItemID="0" TypeHash="6" Path="" STType="BYTE" UIDType="Inner">
            <Owner TaskNumber="0" ItemID="107241" RawItemID="0" TypeHash="0" STType="" UIDType="Inner" />
          </ID>
          <Parent TaskNumber="0" ItemID="107241" RawItemID="0" TypeHash="0" Path="" STType="" UIDType="Inner">
            <Owner TaskNumber="0" ItemID="107241" RawItemID="0" TypeHash="0" STType="" UIDType="Inner" />
          </Parent>
          <IsValueFromTheme>false</IsValueFromTheme>
          <HasSubTypeName>true</HasSubTypeName>
          <Connections />
          <IsDynamized>false</IsDynamized>
          <ContiniuosUpdate>false</ContiniuosUpdate>
        </Parameter>
        <Parameter Name="Цвет текста" ShortName="107256" Tag="107256" Role="TextColor" Value="rgb(63,126,95)">
          <ID TaskNumber="0" ItemID="107256" RawItemID="0" TypeHash="4" Path="" STType="HMI.SolidColorType" UIDType="Inner">
            <Owner TaskNumber="0" ItemID="107241" RawItemID="0" TypeHash="0" STType="" UIDType="Inner" />
          </ID>
          <Parent TaskNumber="0" ItemID="107241" RawItemID="0" TypeHash="0" Path="" STType="" UIDType="Inner">
            <Owner TaskNumber="0" ItemID="107241" RawItemID="0" TypeHash="0" STType="" UIDType="Inner" />
          </Parent>
          <IsValueFromTheme>false</IsValueFromTheme>
          <HasSubTypeName>true</HasSubTypeName>
          <Connections />
          <IsDynamized>false</IsDynamized>
          <ContiniuosUpdate>false</ContiniuosUpdate>
        </Parameter>
        <Parameter Name="XType" ShortName="XType" Tag="0" Role="XType" Value="1">
          <ID TaskNumber="0" ItemID="4294967245" RawItemID="0" TypeHash="5" Path="" STType="HMI.SizeType" UIDType="Inner" />
          <Parent TaskNumber="0" ItemID="57405" RawItemID="0" TypeHash="0" Path="" STType="" UIDType="Inner">
            <Owner TaskNumber="0" ItemID="57405" RawItemID="0" TypeHash="0" STType="" UIDType="Inner" />
          </Parent>
          <IsValueFromTheme>false</IsValueFromTheme>
          <HasSubTypeName>true</HasSubTypeName>
          <IsDynamized>false</IsDynamized>
          <ContiniuosUpdate>false</ContiniuosUpdate>
        </Parameter>
        <Parameter Name="YType" ShortName="YType" Tag="0" Role="YType" Value="1">
          <ID TaskNumber="0" ItemID="4294967244" RawItemID="0" TypeHash="5" Path="" STType="HMI.SizeType" UIDType="Inner" />
          <Parent TaskNumber="0" ItemID="57405" RawItemID="0" TypeHash="0" Path="" STType="" UIDType="Inner">
            <Owner TaskNumber="0" ItemID="57405" RawItemID="0" TypeHash="0" STType="" UIDType="Inner" />
          </Parent>
          <IsValueFromTheme>false</IsValueFromTheme>
          <HasSubTypeName>true</HasSubTypeName>
          <IsDynamized>false</IsDynamized>
          <ContiniuosUpdate>false</ContiniuosUpdate>
        </Parameter>
        <Parameter Name="WidthType" ShortName="WidthType" Tag="0" Role="WidthType" Value="1">
          <ID TaskNumber="0" ItemID="4294967243" RawItemID="0" TypeHash="5" Path="" STType="HMI.SizeType" UIDType="Inner" />
          <Parent TaskNumber="0" ItemID="57405" RawItemID="0" TypeHash="0" Path="" STType="" UIDType="Inner">
            <Owner TaskNumber="0" ItemID="57405" RawItemID="0" TypeHash="0" STType="" UIDType="Inner" />
          </Parent>
          <IsValueFromTheme>false</IsValueFromTheme>
          <HasSubTypeName>true</HasSubTypeName>
          <IsDynamized>false</IsDynamized>
          <ContiniuosUpdate>false</ContiniuosUpdate>
        </Parameter>
        <Parameter Name="HeightType" ShortName="HeightType" Tag="0" Role="HeightType" Value="1">
          <ID TaskNumber="0" ItemID="4294967242" RawItemID="0" TypeHash="5" Path="" STType="HMI.SizeType" UIDType="Inner" />
          <Parent TaskNumber="0" ItemID="57405" RawItemID="0" TypeHash="0" Path="" STType="" UIDType="Inner">
            <Owner TaskNumber="0" ItemID="57405" RawItemID="0" TypeHash="0" STType="" UIDType="Inner" />
          </Parent>
          <IsValueFromTheme>false</IsValueFromTheme>
          <HasSubTypeName>true</HasSubTypeName>
          <IsDynamized>false</IsDynamized>
          <ContiniuosUpdate>false</ContiniuosUpdate>
        </Parameter>
      </Parameters>
      <ObjectId>0</ObjectId>
      <ServerTaskId>-1</ServerTaskId>
      <ServerTaskItemId>0</ServerTaskItemId>
      <HasConnections>false</HasConnections>
    </Element>
  </Elements>
  <ObjectId>0</ObjectId>
  <ServerTaskId>-1</ServerTaskId>
  <ServerTaskItemId>0</ServerTaskItemId>
  <Role>Window</Role>
  <HasConnections>false</HasConnections>
</Element>