﻿<?xml version="1.0" encoding="utf-8"?><Element xmlns:xsi="http://www.w3.org/2001/XMLSchema-instance" xmlns:xsd="http://www.w3.org/2001/XMLSchema" Name="4704" ShortName="Овал" UngroupedName="Примитивы.Овал" Tag="4704"><ID TaskNumber="0" ItemID="4704" RawItemID="0" TypeHash="0" Path="" STType="" UIDType="Inner"><Owner TaskNumber="0" ItemID="4704" RawItemID="0" TypeHash="0" STType="" UIDType="Inner" /></ID><UsedSTTypes><string>HMI.ResourceType</string><string>DINT</string><string>LREAL</string><string>HMI.BorderStyleType</string><string>STRING</string><string>HMI.SolidColorType</string><string>HMI.GradientColorType</string><string>BOOL</string><string>HMI.TileType</string><string>HMI.DockType</string><string>HMI.HorizontalAlignType</string><string>HMI.VerticalAlignType</string><string>HMI.MouseCursorKinds</string><string>HMI.SizeType</string><string>HMI.ProportionType</string></UsedSTTypes><Parameters><Parameter Name="Образ" ShortName="4634" Tag="4634" Role="SkinResource" Value=""><ID TaskNumber="0" ItemID="4634" RawItemID="0" TypeHash="4" Path="" STType="HMI.ResourceType" UIDType="Inner"><Owner TaskNumber="0" ItemID="4704" RawItemID="0" TypeHash="0" STType="" UIDType="Inner" /></ID><Parent TaskNumber="0" ItemID="4704" RawItemID="0" TypeHash="0" Path="" STType="" UIDType="Inner"><Owner TaskNumber="0" ItemID="4704" RawItemID="0" TypeHash="0" STType="" UIDType="Inner" /></Parent><IsValueFromTheme>false</IsValueFromTheme><Connections /><IsDynamized>false</IsDynamized><ContiniuosUpdate>false</ContiniuosUpdate></Parameter><Parameter Name="Порядок Z" ShortName="4635" Tag="4635" Role="Z" Value=""><ID TaskNumber="0" ItemID="4635" RawItemID="0" TypeHash="6" Path="" STType="DINT" UIDType="Inner"><Owner TaskNumber="0" ItemID="4704" RawItemID="0" TypeHash="0" STType="" UIDType="Inner" /></ID><Parent TaskNumber="0" ItemID="4704" RawItemID="0" TypeHash="0" Path="" STType="" UIDType="Inner"><Owner TaskNumber="0" ItemID="4704" RawItemID="0" TypeHash="0" STType="" UIDType="Inner" /></Parent><IsValueFromTheme>false</IsValueFromTheme><Connections /><IsDynamized>false</IsDynamized><ContiniuosUpdate>false</ContiniuosUpdate></Parameter><Parameter Name="Ширина" ShortName="4612" Tag="4612" Role="Width" Value="50"><ID TaskNumber="0" ItemID="4612" RawItemID="0" TypeHash="1" Path="" STType="LREAL" UIDType="Inner"><Owner TaskNumber="0" ItemID="4704" RawItemID="0" TypeHash="0" STType="" UIDType="Inner" /></ID><Parent TaskNumber="0" ItemID="4704" RawItemID="0" TypeHash="0" Path="" STType="" UIDType="Inner"><Owner TaskNumber="0" ItemID="4704" RawItemID="0" TypeHash="0" STType="" UIDType="Inner" /></Parent><IsValueFromTheme>false</IsValueFromTheme><Connections /><IsDynamized>false</IsDynamized><ContiniuosUpdate>false</ContiniuosUpdate></Parameter><Parameter Name="Высота" ShortName="4613" Tag="4613" Role="Height" Value="50"><ID TaskNumber="0" ItemID="4613" RawItemID="0" TypeHash="1" Path="" STType="LREAL" UIDType="Inner"><Owner TaskNumber="0" ItemID="4704" RawItemID="0" TypeHash="0" STType="" UIDType="Inner" /></ID><Parent TaskNumber="0" ItemID="4704" RawItemID="0" TypeHash="0" Path="" STType="" UIDType="Inner"><Owner TaskNumber="0" ItemID="4704" RawItemID="0" TypeHash="0" STType="" UIDType="Inner" /></Parent><IsValueFromTheme>false</IsValueFromTheme><Connections /><IsDynamized>false</IsDynamized><ContiniuosUpdate>false</ContiniuosUpdate></Parameter><Parameter Name="Масштаб Y" ShortName="4616" Tag="4616" Role="ScaleY" Value="1"><ID TaskNumber="0" ItemID="4616" RawItemID="0" TypeHash="1" Path="" STType="LREAL" UIDType="Inner"><Owner TaskNumber="0" ItemID="4704" RawItemID="0" TypeHash="0" STType="" UIDType="Inner" /></ID><Parent TaskNumber="0" ItemID="4704" RawItemID="0" TypeHash="0" Path="" STType="" UIDType="Inner"><Owner TaskNumber="0" ItemID="4704" RawItemID="0" TypeHash="0" STType="" UIDType="Inner" /></Parent><IsValueFromTheme>false</IsValueFromTheme><Connections /><IsDynamized>false</IsDynamized><ContiniuosUpdate>false</ContiniuosUpdate></Parameter><Parameter Name="Угол поворота" ShortName="4614" Tag="4614" Role="Angle" Value="0"><ID TaskNumber="0" ItemID="4614" RawItemID="0" TypeHash="1" Path="" STType="LREAL" UIDType="Inner"><Owner TaskNumber="0" ItemID="4704" RawItemID="0" TypeHash="0" STType="" UIDType="Inner" /></ID><Parent TaskNumber="0" ItemID="4704" RawItemID="0" TypeHash="0" Path="" STType="" UIDType="Inner"><Owner TaskNumber="0" ItemID="4704" RawItemID="0" TypeHash="0" STType="" UIDType="Inner" /></Parent><IsValueFromTheme>false</IsValueFromTheme><Connections /><IsDynamized>false</IsDynamized><ContiniuosUpdate>false</ContiniuosUpdate></Parameter><Parameter Name="Масштаб X" ShortName="4615" Tag="4615" Role="ScaleX" Value="1"><ID TaskNumber="0" ItemID="4615" RawItemID="0" TypeHash="1" Path="" STType="LREAL" UIDType="Inner"><Owner TaskNumber="0" ItemID="4704" RawItemID="0" TypeHash="0" STType="" UIDType="Inner" /></ID><Parent TaskNumber="0" ItemID="4704" RawItemID="0" TypeHash="0" Path="" STType="" UIDType="Inner"><Owner TaskNumber="0" ItemID="4704" RawItemID="0" TypeHash="0" STType="" UIDType="Inner" /></Parent><IsValueFromTheme>false</IsValueFromTheme><Connections /><IsDynamized>false</IsDynamized><ContiniuosUpdate>false</ContiniuosUpdate></Parameter><Parameter Name="Толщина линии" ShortName="4617" Tag="4617" Role="BorderThickness" Value="2"><ID TaskNumber="0" ItemID="4617" RawItemID="0" TypeHash="1" Path="" STType="LREAL" UIDType="Inner"><Owner TaskNumber="0" ItemID="4704" RawItemID="0" TypeHash="0" STType="" UIDType="Inner" /></ID><Parent TaskNumber="0" ItemID="4704" RawItemID="0" TypeHash="0" Path="" STType="" UIDType="Inner"><Owner TaskNumber="0" ItemID="4704" RawItemID="0" TypeHash="0" STType="" UIDType="Inner" /></Parent><IsValueFromTheme>false</IsValueFromTheme><Connections /><IsDynamized>false</IsDynamized><ContiniuosUpdate>false</ContiniuosUpdate></Parameter><Parameter Name="Стиль линии" ShortName="4631" Tag="4631" Role="BorderStyle" Value="0"><ID TaskNumber="0" ItemID="4631" RawItemID="0" TypeHash="5" Path="" STType="HMI.BorderStyleType" UIDType="Inner"><Owner TaskNumber="0" ItemID="4704" RawItemID="0" TypeHash="0" STType="" UIDType="Inner" /></ID><Parent TaskNumber="0" ItemID="4704" RawItemID="0" TypeHash="0" Path="" STType="" UIDType="Inner"><Owner TaskNumber="0" ItemID="4704" RawItemID="0" TypeHash="0" STType="" UIDType="Inner" /></Parent><IsValueFromTheme>false</IsValueFromTheme><Connections /><IsDynamized>false</IsDynamized><ContiniuosUpdate>false</ContiniuosUpdate></Parameter><Parameter Name="Всплывающая подсказка" ShortName="4627" Tag="4627" Role="ToolTip" Value=""><ID TaskNumber="0" ItemID="4627" RawItemID="0" TypeHash="4" Path="" STType="STRING" UIDType="Inner"><Owner TaskNumber="0" ItemID="4704" RawItemID="0" TypeHash="0" STType="" UIDType="Inner" /></ID><Parent TaskNumber="0" ItemID="4704" RawItemID="0" TypeHash="0" Path="" STType="" UIDType="Inner"><Owner TaskNumber="0" ItemID="4704" RawItemID="0" TypeHash="0" STType="" UIDType="Inner" /></Parent><IsValueFromTheme>false</IsValueFromTheme><Connections /><IsDynamized>false</IsDynamized><ContiniuosUpdate>false</ContiniuosUpdate></Parameter><Parameter Name="Цвет линии" ShortName="4622" Tag="4622" Role="BorderColor" Value="BLACK"><ID TaskNumber="0" ItemID="4622" RawItemID="0" TypeHash="4" Path="" STType="HMI.SolidColorType" UIDType="Inner"><Owner TaskNumber="0" ItemID="4704" RawItemID="0" TypeHash="0" STType="" UIDType="Inner" /></ID><Parent TaskNumber="0" ItemID="4704" RawItemID="0" TypeHash="0" Path="" STType="" UIDType="Inner"><Owner TaskNumber="0" ItemID="4704" RawItemID="0" TypeHash="0" STType="" UIDType="Inner" /></Parent><IsValueFromTheme>false</IsValueFromTheme><Connections /><IsDynamized>false</IsDynamized><ContiniuosUpdate>false</ContiniuosUpdate></Parameter><Parameter Name="Заливка фона" ShortName="4623" Tag="4623" Role="BackgroundColor" Value="TRANSPARENT"><ID TaskNumber="0" ItemID="4623" RawItemID="0" TypeHash="4" Path="" STType="HMI.GradientColorType" UIDType="Inner"><Owner TaskNumber="0" ItemID="4704" RawItemID="0" TypeHash="0" STType="" UIDType="Inner" /></ID><Parent TaskNumber="0" ItemID="4704" RawItemID="0" TypeHash="0" Path="" STType="" UIDType="Inner"><Owner TaskNumber="0" ItemID="4704" RawItemID="0" TypeHash="0" STType="" UIDType="Inner" /></Parent><IsValueFromTheme>false</IsValueFromTheme><Connections /><IsDynamized>false</IsDynamized><ContiniuosUpdate>false</ContiniuosUpdate></Parameter><Parameter Name="Прозрачность" ShortName="4618" Tag="4618" Role="Opacity" Value="100"><ID TaskNumber="0" ItemID="4618" RawItemID="0" TypeHash="1" Path="" STType="LREAL" UIDType="Inner"><Owner TaskNumber="0" ItemID="4704" RawItemID="0" TypeHash="0" STType="" UIDType="Inner" /></ID><Parent TaskNumber="0" ItemID="4704" RawItemID="0" TypeHash="0" Path="" STType="" UIDType="Inner"><Owner TaskNumber="0" ItemID="4704" RawItemID="0" TypeHash="0" STType="" UIDType="Inner" /></Parent><IsValueFromTheme>false</IsValueFromTheme><Connections /><IsDynamized>false</IsDynamized><ContiniuosUpdate>false</ContiniuosUpdate></Parameter><Parameter Name="Геометрия" ShortName="4619" Tag="4619" Role="BorderGeometry" Value="OVAL"><ID TaskNumber="0" ItemID="4619" RawItemID="0" TypeHash="4" Path="" STType="STRING" UIDType="Inner"><Owner TaskNumber="0" ItemID="4704" RawItemID="0" TypeHash="0" STType="" UIDType="Inner" /></ID><Parent TaskNumber="0" ItemID="4704" RawItemID="0" TypeHash="0" Path="" STType="" UIDType="Inner"><Owner TaskNumber="0" ItemID="4704" RawItemID="0" TypeHash="0" STType="" UIDType="Inner" /></Parent><IsValueFromTheme>false</IsValueFromTheme><Connections /><IsDynamized>false</IsDynamized><ContiniuosUpdate>false</ContiniuosUpdate></Parameter><Parameter Name="Мигание" ShortName="4621" Tag="4621" Role="Flash" Value="False"><ID TaskNumber="0" ItemID="4621" RawItemID="0" TypeHash="3" Path="" STType="BOOL" UIDType="Inner"><Owner TaskNumber="0" ItemID="4704" RawItemID="0" TypeHash="0" STType="" UIDType="Inner" /></ID><Parent TaskNumber="0" ItemID="4704" RawItemID="0" TypeHash="0" Path="" STType="" UIDType="Inner"><Owner TaskNumber="0" ItemID="4704" RawItemID="0" TypeHash="0" STType="" UIDType="Inner" /></Parent><IsValueFromTheme>false</IsValueFromTheme><Connections /><IsDynamized>false</IsDynamized><ContiniuosUpdate>false</ContiniuosUpdate></Parameter><Parameter Name="Размер тени" ShortName="4620" Tag="4620" Role="ShadowSize" Value="0"><ID TaskNumber="0" ItemID="4620" RawItemID="0" TypeHash="6" Path="" STType="DINT" UIDType="Inner"><Owner TaskNumber="0" ItemID="4704" RawItemID="0" TypeHash="0" STType="" UIDType="Inner" /></ID><Parent TaskNumber="0" ItemID="4704" RawItemID="0" TypeHash="0" Path="" STType="" UIDType="Inner"><Owner TaskNumber="0" ItemID="4704" RawItemID="0" TypeHash="0" STType="" UIDType="Inner" /></Parent><IsValueFromTheme>false</IsValueFromTheme><Connections /><IsDynamized>false</IsDynamized><ContiniuosUpdate>false</ContiniuosUpdate></Parameter><Parameter Name="Цвет тени" ShortName="4624" Tag="4624" Role="ShadowColor" Value="rgb(240,240,240)"><ID TaskNumber="0" ItemID="4624" RawItemID="0" TypeHash="4" Path="" STType="HMI.SolidColorType" UIDType="Inner"><Owner TaskNumber="0" ItemID="4704" RawItemID="0" TypeHash="0" STType="" UIDType="Inner" /></ID><Parent TaskNumber="0" ItemID="4704" RawItemID="0" TypeHash="0" Path="" STType="" UIDType="Inner"><Owner TaskNumber="0" ItemID="4704" RawItemID="0" TypeHash="0" STType="" UIDType="Inner" /></Parent><IsValueFromTheme>false</IsValueFromTheme><Connections /><IsDynamized>false</IsDynamized><ContiniuosUpdate>false</ContiniuosUpdate></Parameter><Parameter Name="Изображение фона" ShortName="4625" Tag="4625" Role="Resource" Value=""><ID TaskNumber="0" ItemID="4625" RawItemID="0" TypeHash="4" Path="" STType="HMI.ResourceType" UIDType="Inner"><Owner TaskNumber="0" ItemID="4704" RawItemID="0" TypeHash="0" STType="" UIDType="Inner" /></ID><Parent TaskNumber="0" ItemID="4704" RawItemID="0" TypeHash="0" Path="" STType="" UIDType="Inner"><Owner TaskNumber="0" ItemID="4704" RawItemID="0" TypeHash="0" STType="" UIDType="Inner" /></Parent><IsValueFromTheme>false</IsValueFromTheme><Connections /><IsDynamized>false</IsDynamized><ContiniuosUpdate>false</ContiniuosUpdate></Parameter><Parameter Name="Замостка фона" ShortName="4626" Tag="4626" Role="BackgroundTile" Value="2"><ID TaskNumber="0" ItemID="4626" RawItemID="0" TypeHash="5" Path="" STType="HMI.TileType" UIDType="Inner"><Owner TaskNumber="0" ItemID="4704" RawItemID="0" TypeHash="0" STType="" UIDType="Inner" /></ID><Parent TaskNumber="0" ItemID="4704" RawItemID="0" TypeHash="0" Path="" STType="" UIDType="Inner"><Owner TaskNumber="0" ItemID="4704" RawItemID="0" TypeHash="0" STType="" UIDType="Inner" /></Parent><IsValueFromTheme>false</IsValueFromTheme><Connections /><IsDynamized>false</IsDynamized><ContiniuosUpdate>false</ContiniuosUpdate></Parameter><Parameter Name="Видимость" ShortName="4628" Tag="4628" Role="IsVisible" Value="True"><ID TaskNumber="0" ItemID="4628" RawItemID="0" TypeHash="3" Path="" STType="BOOL" UIDType="Inner"><Owner TaskNumber="0" ItemID="4704" RawItemID="0" TypeHash="0" STType="" UIDType="Inner" /></ID><Parent TaskNumber="0" ItemID="4704" RawItemID="0" TypeHash="0" Path="" STType="" UIDType="Inner"><Owner TaskNumber="0" ItemID="4704" RawItemID="0" TypeHash="0" STType="" UIDType="Inner" /></Parent><IsValueFromTheme>false</IsValueFromTheme><Connections /><IsDynamized>false</IsDynamized><ContiniuosUpdate>false</ContiniuosUpdate></Parameter><Parameter Name="Активность" ShortName="4629" Tag="4629" Role="IsEnabled" Value="True"><ID TaskNumber="0" ItemID="4629" RawItemID="0" TypeHash="3" Path="" STType="BOOL" UIDType="Inner"><Owner TaskNumber="0" ItemID="4704" RawItemID="0" TypeHash="0" STType="" UIDType="Inner" /></ID><Parent TaskNumber="0" ItemID="4704" RawItemID="0" TypeHash="0" Path="" STType="" UIDType="Inner"><Owner TaskNumber="0" ItemID="4704" RawItemID="0" TypeHash="0" STType="" UIDType="Inner" /></Parent><IsValueFromTheme>false</IsValueFromTheme><Connections /><IsDynamized>false</IsDynamized><ContiniuosUpdate>false</ContiniuosUpdate></Parameter><Parameter Name="Клавиатурный индекс" ShortName="4630" Tag="4630" Role="TabIndex" Value=""><ID TaskNumber="0" ItemID="4630" RawItemID="0" TypeHash="6" Path="" STType="DINT" UIDType="Inner"><Owner TaskNumber="0" ItemID="4704" RawItemID="0" TypeHash="0" STType="" UIDType="Inner" /></ID><Parent TaskNumber="0" ItemID="4704" RawItemID="0" TypeHash="0" Path="" STType="" UIDType="Inner"><Owner TaskNumber="0" ItemID="4704" RawItemID="0" TypeHash="0" STType="" UIDType="Inner" /></Parent><IsValueFromTheme>false</IsValueFromTheme><Connections /><IsDynamized>false</IsDynamized><ContiniuosUpdate>false</ContiniuosUpdate></Parameter><Parameter Name="Координата X" ShortName="4632" Tag="4632" Role="X" Value="0"><ID TaskNumber="0" ItemID="4632" RawItemID="0" TypeHash="1" Path="" STType="LREAL" UIDType="Inner"><Owner TaskNumber="0" ItemID="4704" RawItemID="0" TypeHash="0" STType="" UIDType="Inner" /></ID><Parent TaskNumber="0" ItemID="4704" RawItemID="0" TypeHash="0" Path="" STType="" UIDType="Inner"><Owner TaskNumber="0" ItemID="4704" RawItemID="0" TypeHash="0" STType="" UIDType="Inner" /></Parent><IsValueFromTheme>false</IsValueFromTheme><Connections /><IsDynamized>false</IsDynamized><ContiniuosUpdate>false</ContiniuosUpdate></Parameter><Parameter Name="Координата Y" ShortName="4633" Tag="4633" Role="Y" Value="0"><ID TaskNumber="0" ItemID="4633" RawItemID="0" TypeHash="1" Path="" STType="LREAL" UIDType="Inner"><Owner TaskNumber="0" ItemID="4704" RawItemID="0" TypeHash="0" STType="" UIDType="Inner" /></ID><Parent TaskNumber="0" ItemID="4704" RawItemID="0" TypeHash="0" Path="" STType="" UIDType="Inner"><Owner TaskNumber="0" ItemID="4704" RawItemID="0" TypeHash="0" STType="" UIDType="Inner" /></Parent><IsValueFromTheme>false</IsValueFromTheme><Connections /><IsDynamized>false</IsDynamized><ContiniuosUpdate>false</ContiniuosUpdate></Parameter><Parameter Name="Положение" ShortName="4636" Tag="4636" Role="DockStyle" Value="3"><ID TaskNumber="0" ItemID="4636" RawItemID="0" TypeHash="5" Path="" STType="HMI.DockType" UIDType="Inner"><Owner TaskNumber="0" ItemID="4704" RawItemID="0" TypeHash="0" STType="" UIDType="Inner" /></ID><Parent TaskNumber="0" ItemID="4704" RawItemID="0" TypeHash="0" Path="" STType="" UIDType="Inner"><Owner TaskNumber="0" ItemID="4704" RawItemID="0" TypeHash="0" STType="" UIDType="Inner" /></Parent><IsValueFromTheme>false</IsValueFromTheme><Connections /><IsDynamized>false</IsDynamized><ContiniuosUpdate>false</ContiniuosUpdate></Parameter><Parameter Name="Горизонтальное выравнивание" ShortName="4637" Tag="4637" Role="HorizontalAlign" Value="1"><ID TaskNumber="0" ItemID="4637" RawItemID="0" TypeHash="5" Path="" STType="HMI.HorizontalAlignType" UIDType="Inner"><Owner TaskNumber="0" ItemID="4704" RawItemID="0" TypeHash="0" STType="" UIDType="Inner" /></ID><Parent TaskNumber="0" ItemID="4704" RawItemID="0" TypeHash="0" Path="" STType="" UIDType="Inner"><Owner TaskNumber="0" ItemID="4704" RawItemID="0" TypeHash="0" STType="" UIDType="Inner" /></Parent><IsValueFromTheme>false</IsValueFromTheme><Connections /><IsDynamized>false</IsDynamized><ContiniuosUpdate>false</ContiniuosUpdate></Parameter><Parameter Name="Вертикальное выравнивание" ShortName="4638" Tag="4638" Role="VerticalAlign" Value="1"><ID TaskNumber="0" ItemID="4638" RawItemID="0" TypeHash="5" Path="" STType="HMI.VerticalAlignType" UIDType="Inner"><Owner TaskNumber="0" ItemID="4704" RawItemID="0" TypeHash="0" STType="" UIDType="Inner" /></ID><Parent TaskNumber="0" ItemID="4704" RawItemID="0" TypeHash="0" Path="" STType="" UIDType="Inner"><Owner TaskNumber="0" ItemID="4704" RawItemID="0" TypeHash="0" STType="" UIDType="Inner" /></Parent><IsValueFromTheme>false</IsValueFromTheme><Connections /><IsDynamized>false</IsDynamized><ContiniuosUpdate>false</ContiniuosUpdate></Parameter><Parameter Name="Вид курсора" ShortName="4639" Tag="4639" Role="MouseCursorKind" Value="0"><ID TaskNumber="0" ItemID="4639" RawItemID="0" TypeHash="5" Path="" STType="HMI.MouseCursorKinds" UIDType="Inner"><Owner TaskNumber="0" ItemID="4704" RawItemID="0" TypeHash="0" STType="" UIDType="Inner" /></ID><Parent TaskNumber="0" ItemID="4704" RawItemID="0" TypeHash="0" Path="" STType="" UIDType="Inner"><Owner TaskNumber="0" ItemID="4704" RawItemID="0" TypeHash="0" STType="" UIDType="Inner" /></Parent><IsValueFromTheme>false</IsValueFromTheme><Connections /><IsDynamized>false</IsDynamized><ContiniuosUpdate>false</ContiniuosUpdate></Parameter><Parameter Name="XType" ShortName="XType" Tag="0" Role="XType" Value="1"><ID TaskNumber="0" ItemID="4294967294" RawItemID="0" TypeHash="5" Path="" STType="HMI.SizeType" UIDType="Inner" /><IsValueFromTheme>false</IsValueFromTheme><IsDynamized>false</IsDynamized><ContiniuosUpdate>false</ContiniuosUpdate></Parameter><Parameter Name="YType" ShortName="YType" Tag="0" Role="YType" Value="1"><ID TaskNumber="0" ItemID="4294967293" RawItemID="0" TypeHash="5" Path="" STType="HMI.SizeType" UIDType="Inner" /><IsValueFromTheme>false</IsValueFromTheme><IsDynamized>false</IsDynamized><ContiniuosUpdate>false</ContiniuosUpdate></Parameter><Parameter Name="ProportionType" ShortName="ProportionType" Tag="0" Role="ProportionType" Value="4"><ID TaskNumber="0" ItemID="4294967292" RawItemID="0" TypeHash="5" Path="" STType="HMI.ProportionType" UIDType="Inner" /><IsValueFromTheme>false</IsValueFromTheme><IsDynamized>false</IsDynamized><ContiniuosUpdate>false</ContiniuosUpdate></Parameter><Parameter Name="WidthType" ShortName="WidthType" Tag="0" Role="WidthType" Value="1"><ID TaskNumber="0" ItemID="4294967289" RawItemID="0" TypeHash="5" Path="" STType="HMI.SizeType" UIDType="Inner" /><IsValueFromTheme>false</IsValueFromTheme><IsDynamized>false</IsDynamized><ContiniuosUpdate>false</ContiniuosUpdate></Parameter><Parameter Name="HeightType" ShortName="HeightType" Tag="0" Role="HeightType" Value="1"><ID TaskNumber="0" ItemID="4294967288" RawItemID="0" TypeHash="5" Path="" STType="HMI.SizeType" UIDType="Inner" /><IsValueFromTheme>false</IsValueFromTheme><IsDynamized>false</IsDynamized><ContiniuosUpdate>false</ContiniuosUpdate></Parameter></Parameters><ObjectId>0</ObjectId><ServerTaskId>-1</ServerTaskId><ServerTaskItemId>0</ServerTaskItemId><Role>Oval</Role><HasConnections>false</HasConnections></Element>