﻿<?xml version="1.0" encoding="utf-8"?><Element xmlns:xsi="http://www.w3.org/2001/XMLSchema-instance" xmlns:xsd="http://www.w3.org/2001/XMLSchema" Name="57255" ShortName="Шаблон экрана" Tag="57255" TreeObject="АРМ 1"><ID TaskNumber="0" ItemID="57255" RawItemID="0" TypeHash="0" Path="" STType="" UIDType="Inner"><Owner TaskNumber="0" ItemID="57255" RawItemID="0" TypeHash="0" STType="" UIDType="Inner" /></ID><UsedSTTypes><string>LREAL</string><string>HMI.SolidColorType</string><string>HMI.GradientColorType</string><string>HMI.BorderStyleType</string><string>STRING</string><string>HMI.ResourceType</string><string>HMI.TileType</string><string>HMI.SizeType</string><string>HMI.ProportionType</string><string>DINT</string><string>HMI.DockType</string></UsedSTTypes><Parameters><Parameter Name="Ширина" ShortName="57257" Tag="57257" Role="Width" Value="1920"><ID TaskNumber="0" ItemID="57257" RawItemID="0" TypeHash="1" Path="" STType="LREAL" UIDType="Inner"><Owner TaskNumber="0" ItemID="57255" RawItemID="0" TypeHash="0" STType="" UIDType="Inner" /></ID><Parent TaskNumber="0" ItemID="57255" RawItemID="0" TypeHash="0" Path="" STType="" UIDType="Inner"><Owner TaskNumber="0" ItemID="57255" RawItemID="0" TypeHash="0" STType="" UIDType="Inner" /></Parent><IsValueFromTheme>false</IsValueFromTheme><Connections /><IsDynamized>false</IsDynamized><ContiniuosUpdate>false</ContiniuosUpdate></Parameter><Parameter Name="Высота" ShortName="57258" Tag="57258" Role="Height" Value="1080"><ID TaskNumber="0" ItemID="57258" RawItemID="0" TypeHash="1" Path="" STType="LREAL" UIDType="Inner"><Owner TaskNumber="0" ItemID="57255" RawItemID="0" TypeHash="0" STType="" UIDType="Inner" /></ID><Parent TaskNumber="0" ItemID="57255" RawItemID="0" TypeHash="0" Path="" STType="" UIDType="Inner"><Owner TaskNumber="0" ItemID="57255" RawItemID="0" TypeHash="0" STType="" UIDType="Inner" /></Parent><IsValueFromTheme>false</IsValueFromTheme><Connections /><IsDynamized>false</IsDynamized><ContiniuosUpdate>false</ContiniuosUpdate></Parameter><Parameter Name="Толщина рамки" ShortName="57259" Tag="57259" Role="BorderThickness" Value="1"><ID TaskNumber="0" ItemID="57259" RawItemID="0" TypeHash="1" Path="" STType="LREAL" UIDType="Inner"><Owner TaskNumber="0" ItemID="57255" RawItemID="0" TypeHash="0" STType="" UIDType="Inner" /></ID><Parent TaskNumber="0" ItemID="57255" RawItemID="0" TypeHash="0" Path="" STType="" UIDType="Inner"><Owner TaskNumber="0" ItemID="57255" RawItemID="0" TypeHash="0" STType="" UIDType="Inner" /></Parent><IsValueFromTheme>false</IsValueFromTheme><Connections /><IsDynamized>false</IsDynamized><ContiniuosUpdate>false</ContiniuosUpdate></Parameter><Parameter Name="Цвет рамки" ShortName="57260" Tag="57260" Role="BorderColor" Value="GRAY"><ID TaskNumber="0" ItemID="57260" RawItemID="0" TypeHash="4" Path="" STType="HMI.SolidColorType" UIDType="Inner"><Owner TaskNumber="0" ItemID="57255" RawItemID="0" TypeHash="0" STType="" UIDType="Inner" /></ID><Parent TaskNumber="0" ItemID="57255" RawItemID="0" TypeHash="0" Path="" STType="" UIDType="Inner"><Owner TaskNumber="0" ItemID="57255" RawItemID="0" TypeHash="0" STType="" UIDType="Inner" /></Parent><IsValueFromTheme>false</IsValueFromTheme><Connections /><IsDynamized>false</IsDynamized><ContiniuosUpdate>false</ContiniuosUpdate></Parameter><Parameter Name="Заливка фона" ShortName="57261" Tag="57261" Role="BackgroundColor" Value="rgb(245,240,245)"><ID TaskNumber="0" ItemID="57261" RawItemID="0" TypeHash="4" Path="" STType="HMI.GradientColorType" UIDType="Inner"><Owner TaskNumber="0" ItemID="57255" RawItemID="0" TypeHash="0" STType="" UIDType="Inner" /></ID><Parent TaskNumber="0" ItemID="57255" RawItemID="0" TypeHash="0" Path="" STType="" UIDType="Inner"><Owner TaskNumber="0" ItemID="57255" RawItemID="0" TypeHash="0" STType="" UIDType="Inner" /></Parent><IsValueFromTheme>false</IsValueFromTheme><Connections /><IsDynamized>false</IsDynamized><ContiniuosUpdate>false</ContiniuosUpdate></Parameter><Parameter Name="Прозрачность" ShortName="57262" Tag="57262" Role="Opacity" Value="100"><ID TaskNumber="0" ItemID="57262" RawItemID="0" TypeHash="1" Path="" STType="LREAL" UIDType="Inner"><Owner TaskNumber="0" ItemID="57255" RawItemID="0" TypeHash="0" STType="" UIDType="Inner" /></ID><Parent TaskNumber="0" ItemID="57255" RawItemID="0" TypeHash="0" Path="" STType="" UIDType="Inner"><Owner TaskNumber="0" ItemID="57255" RawItemID="0" TypeHash="0" STType="" UIDType="Inner" /></Parent><IsValueFromTheme>false</IsValueFromTheme><Connections /><IsDynamized>false</IsDynamized><ContiniuosUpdate>false</ContiniuosUpdate></Parameter><Parameter Name="Стиль рамки" ShortName="57263" Tag="57263" Role="BorderStyle" Value="0"><ID TaskNumber="0" ItemID="57263" RawItemID="0" TypeHash="5" Path="" STType="HMI.BorderStyleType" UIDType="Inner"><Owner TaskNumber="0" ItemID="57255" RawItemID="0" TypeHash="0" STType="" UIDType="Inner" /></ID><Parent TaskNumber="0" ItemID="57255" RawItemID="0" TypeHash="0" Path="" STType="" UIDType="Inner"><Owner TaskNumber="0" ItemID="57255" RawItemID="0" TypeHash="0" STType="" UIDType="Inner" /></Parent><IsValueFromTheme>false</IsValueFromTheme><Connections /><IsDynamized>false</IsDynamized><ContiniuosUpdate>false</ContiniuosUpdate></Parameter><Parameter Name="Всплывающая подсказка" ShortName="57264" Tag="57264" Role="ToolTip" Value=""><ID TaskNumber="0" ItemID="57264" RawItemID="0" TypeHash="4" Path="" STType="STRING" UIDType="Inner"><Owner TaskNumber="0" ItemID="57255" RawItemID="0" TypeHash="0" STType="" UIDType="Inner" /></ID><Parent TaskNumber="0" ItemID="57255" RawItemID="0" TypeHash="0" Path="" STType="" UIDType="Inner"><Owner TaskNumber="0" ItemID="57255" RawItemID="0" TypeHash="0" STType="" UIDType="Inner" /></Parent><IsValueFromTheme>false</IsValueFromTheme><Connections /><IsDynamized>false</IsDynamized><ContiniuosUpdate>false</ContiniuosUpdate></Parameter><Parameter Name="Изображение фона" ShortName="57265" Tag="57265" Role="Resource" Value=""><ID TaskNumber="0" ItemID="57265" RawItemID="0" TypeHash="4" Path="" STType="HMI.ResourceType" UIDType="Inner"><Owner TaskNumber="0" ItemID="57255" RawItemID="0" TypeHash="0" STType="" UIDType="Inner" /></ID><Parent TaskNumber="0" ItemID="57255" RawItemID="0" TypeHash="0" Path="" STType="" UIDType="Inner"><Owner TaskNumber="0" ItemID="57255" RawItemID="0" TypeHash="0" STType="" UIDType="Inner" /></Parent><IsValueFromTheme>false</IsValueFromTheme><Connections /><IsDynamized>false</IsDynamized><ContiniuosUpdate>false</ContiniuosUpdate></Parameter><Parameter Name="Замостка фона" ShortName="57266" Tag="57266" Role="BackgroundTile" Value="2"><ID TaskNumber="0" ItemID="57266" RawItemID="0" TypeHash="5" Path="" STType="HMI.TileType" UIDType="Inner"><Owner TaskNumber="0" ItemID="57255" RawItemID="0" TypeHash="0" STType="" UIDType="Inner" /></ID><Parent TaskNumber="0" ItemID="57255" RawItemID="0" TypeHash="0" Path="" STType="" UIDType="Inner"><Owner TaskNumber="0" ItemID="57255" RawItemID="0" TypeHash="0" STType="" UIDType="Inner" /></Parent><IsValueFromTheme>false</IsValueFromTheme><Connections /><IsDynamized>false</IsDynamized><ContiniuosUpdate>false</ContiniuosUpdate></Parameter><Parameter Name="XType" ShortName="XType" Tag="0" Role="XType" Value="1"><ID TaskNumber="0" ItemID="4294967290" RawItemID="0" TypeHash="5" Path="" STType="HMI.SizeType" UIDType="Inner" /><IsValueFromTheme>false</IsValueFromTheme><IsDynamized>false</IsDynamized><ContiniuosUpdate>false</ContiniuosUpdate></Parameter><Parameter Name="YType" ShortName="YType" Tag="0" Role="YType" Value="1"><ID TaskNumber="0" ItemID="4294967289" RawItemID="0" TypeHash="5" Path="" STType="HMI.SizeType" UIDType="Inner" /><IsValueFromTheme>false</IsValueFromTheme><IsDynamized>false</IsDynamized><ContiniuosUpdate>false</ContiniuosUpdate></Parameter><Parameter Name="ProportionType" ShortName="ProportionType" Tag="0" Role="ProportionType" Value="4"><ID TaskNumber="0" ItemID="4294967288" RawItemID="0" TypeHash="5" Path="" STType="HMI.ProportionType" UIDType="Inner" /><IsValueFromTheme>false</IsValueFromTheme><IsDynamized>false</IsDynamized><ContiniuosUpdate>false</ContiniuosUpdate></Parameter><Parameter Name="WidthType" ShortName="WidthType" Tag="0" Role="WidthType" Value="1"><ID TaskNumber="0" ItemID="4294967287" RawItemID="0" TypeHash="5" Path="" STType="HMI.SizeType" UIDType="Inner" /><IsValueFromTheme>false</IsValueFromTheme><IsDynamized>false</IsDynamized><ContiniuosUpdate>false</ContiniuosUpdate></Parameter><Parameter Name="HeightType" ShortName="HeightType" Tag="0" Role="HeightType" Value="1"><ID TaskNumber="0" ItemID="4294967286" RawItemID="0" TypeHash="5" Path="" STType="HMI.SizeType" UIDType="Inner" /><IsValueFromTheme>false</IsValueFromTheme><IsDynamized>false</IsDynamized><ContiniuosUpdate>false</ContiniuosUpdate></Parameter></Parameters><Elements><Element Name="170003" ShortName="Строка статуса" Tag="170003" TreeObject="АРМ 1"><ID TaskNumber="0" ItemID="170003" RawItemID="0" TypeHash="0" Path="" STType="" UIDType="Inner"><Owner TaskNumber="0" ItemID="170003" RawItemID="0" TypeHash="0" STType="" UIDType="Inner" /></ID><Parent TaskNumber="0" ItemID="57255" RawItemID="0" TypeHash="0" Path="" STType="" UIDType="Inner"><Owner TaskNumber="0" ItemID="57255" RawItemID="0" TypeHash="0" STType="" UIDType="Inner" /></Parent><UsedSTTypes><string>HMI.ResourceType</string><string>LREAL</string><string>DINT</string><string>HMI.DockType</string><string>HMI.SizeType</string></UsedSTTypes><TypeID TaskNumber="0" ItemID="6320" RawItemID="0" TypeHash="0" Path="" STType="" UIDType="Inner"><Owner TaskNumber="0" ItemID="6320" RawItemID="0" TypeHash="0" STType="" UIDType="Inner" /></TypeID><Parameters><Parameter Name="Образ" ShortName="170014" Tag="170014" Role="SkinResource" Value=""><ID TaskNumber="0" ItemID="170014" RawItemID="0" TypeHash="4" Path="" STType="HMI.ResourceType" UIDType="Inner"><Owner TaskNumber="0" ItemID="170003" RawItemID="0" TypeHash="0" STType="" UIDType="Inner" /></ID><Parent TaskNumber="0" ItemID="170003" RawItemID="0" TypeHash="0" Path="" STType="" UIDType="Inner"><Owner TaskNumber="0" ItemID="170003" RawItemID="0" TypeHash="0" STType="" UIDType="Inner" /></Parent><IsValueFromTheme>false</IsValueFromTheme><Connections /><IsDynamized>false</IsDynamized><ContiniuosUpdate>false</ContiniuosUpdate></Parameter><Parameter Name="Высота" ShortName="170009" Tag="170009" Role="Height" Value="20"><ID TaskNumber="0" ItemID="170009" RawItemID="0" TypeHash="1" Path="" STType="LREAL" UIDType="Inner"><Owner TaskNumber="0" ItemID="170003" RawItemID="0" TypeHash="0" STType="" UIDType="Inner" /></ID><Parent TaskNumber="0" ItemID="170003" RawItemID="0" TypeHash="0" Path="" STType="" UIDType="Inner"><Owner TaskNumber="0" ItemID="170003" RawItemID="0" TypeHash="0" STType="" UIDType="Inner" /></Parent><IsValueFromTheme>false</IsValueFromTheme><Connections /><IsDynamized>false</IsDynamized><ContiniuosUpdate>false</ContiniuosUpdate></Parameter><Parameter Name="Клавиатурный индекс" ShortName="170013" Tag="170013" Role="TabIndex" Value=""><ID TaskNumber="0" ItemID="170013" RawItemID="0" TypeHash="6" Path="" STType="DINT" UIDType="Inner"><Owner TaskNumber="0" ItemID="170003" RawItemID="0" TypeHash="0" STType="" UIDType="Inner" /></ID><Parent TaskNumber="0" ItemID="170003" RawItemID="0" TypeHash="0" Path="" STType="" UIDType="Inner"><Owner TaskNumber="0" ItemID="170003" RawItemID="0" TypeHash="0" STType="" UIDType="Inner" /></Parent><IsValueFromTheme>false</IsValueFromTheme><Connections /><IsDynamized>false</IsDynamized><ContiniuosUpdate>false</ContiniuosUpdate></Parameter><Parameter Name="Изображение фона" ShortName="170006" Tag="170006" Role="Resource" Value=""><ID TaskNumber="0" ItemID="170006" RawItemID="0" TypeHash="4" Path="" STType="HMI.ResourceType" UIDType="Inner"><Owner TaskNumber="0" ItemID="170003" RawItemID="0" TypeHash="0" STType="" UIDType="Inner" /></ID><Parent TaskNumber="0" ItemID="170003" RawItemID="0" TypeHash="0" Path="" STType="" UIDType="Inner"><Owner TaskNumber="0" ItemID="170003" RawItemID="0" TypeHash="0" STType="" UIDType="Inner" /></Parent><IsValueFromTheme>false</IsValueFromTheme><Connections /><IsDynamized>false</IsDynamized><ContiniuosUpdate>false</ContiniuosUpdate></Parameter><Parameter Name="Порядок Z" ShortName="170010" Tag="170010" Role="Z" Value=""><ID TaskNumber="0" ItemID="170010" RawItemID="0" TypeHash="6" Path="" STType="DINT" UIDType="Inner"><Owner TaskNumber="0" ItemID="170003" RawItemID="0" TypeHash="0" STType="" UIDType="Inner" /></ID><Parent TaskNumber="0" ItemID="170003" RawItemID="0" TypeHash="0" Path="" STType="" UIDType="Inner"><Owner TaskNumber="0" ItemID="170003" RawItemID="0" TypeHash="0" STType="" UIDType="Inner" /></Parent><IsValueFromTheme>false</IsValueFromTheme><Connections /><IsDynamized>false</IsDynamized><ContiniuosUpdate>false</ContiniuosUpdate></Parameter><Parameter Name="Ширина" ShortName="170008" Tag="170008" Role="Width" Value="800"><ID TaskNumber="0" ItemID="170008" RawItemID="0" TypeHash="1" Path="" STType="LREAL" UIDType="Inner"><Owner TaskNumber="0" ItemID="170003" RawItemID="0" TypeHash="0" STType="" UIDType="Inner" /></ID><Parent TaskNumber="0" ItemID="170003" RawItemID="0" TypeHash="0" Path="" STType="" UIDType="Inner"><Owner TaskNumber="0" ItemID="170003" RawItemID="0" TypeHash="0" STType="" UIDType="Inner" /></Parent><IsValueFromTheme>false</IsValueFromTheme><Connections /><IsDynamized>false</IsDynamized><ContiniuosUpdate>false</ContiniuosUpdate></Parameter><Parameter Name="Координата X" ShortName="170011" Tag="170011" Role="X" Value="0"><ID TaskNumber="0" ItemID="170011" RawItemID="0" TypeHash="1" Path="" STType="LREAL" UIDType="Inner"><Owner TaskNumber="0" ItemID="170003" RawItemID="0" TypeHash="0" STType="" UIDType="Inner" /></ID><Parent TaskNumber="0" ItemID="170003" RawItemID="0" TypeHash="0" Path="" STType="" UIDType="Inner"><Owner TaskNumber="0" ItemID="170003" RawItemID="0" TypeHash="0" STType="" UIDType="Inner" /></Parent><IsValueFromTheme>false</IsValueFromTheme><Connections /><IsDynamized>false</IsDynamized><ContiniuosUpdate>false</ContiniuosUpdate></Parameter><Parameter Name="Координата Y" ShortName="170012" Tag="170012" Role="Y" Value="0"><ID TaskNumber="0" ItemID="170012" RawItemID="0" TypeHash="1" Path="" STType="LREAL" UIDType="Inner"><Owner TaskNumber="0" ItemID="170003" RawItemID="0" TypeHash="0" STType="" UIDType="Inner" /></ID><Parent TaskNumber="0" ItemID="170003" RawItemID="0" TypeHash="0" Path="" STType="" UIDType="Inner"><Owner TaskNumber="0" ItemID="170003" RawItemID="0" TypeHash="0" STType="" UIDType="Inner" /></Parent><IsValueFromTheme>false</IsValueFromTheme><Connections /><IsDynamized>false</IsDynamized><ContiniuosUpdate>false</ContiniuosUpdate></Parameter><Parameter Name="Положение" ShortName="170005" Tag="170005" Role="DockStyle" Value="1"><ID TaskNumber="0" ItemID="170005" RawItemID="0" TypeHash="5" Path="" STType="HMI.DockType" UIDType="Inner"><Owner TaskNumber="0" ItemID="170003" RawItemID="0" TypeHash="0" STType="" UIDType="Inner" /></ID><Parent TaskNumber="0" ItemID="170003" RawItemID="0" TypeHash="0" Path="" STType="" UIDType="Inner"><Owner TaskNumber="0" ItemID="170003" RawItemID="0" TypeHash="0" STType="" UIDType="Inner" /></Parent><IsValueFromTheme>false</IsValueFromTheme><Connections /><IsDynamized>false</IsDynamized><ContiniuosUpdate>false</ContiniuosUpdate></Parameter><Parameter Name="XType" ShortName="XType" Tag="0" Role="XType" Value="1"><ID TaskNumber="0" ItemID="4294967285" RawItemID="0" TypeHash="5" Path="" STType="HMI.SizeType" UIDType="Inner" /><Parent TaskNumber="0" ItemID="57255" RawItemID="0" TypeHash="0" Path="" STType="" UIDType="Inner"><Owner TaskNumber="0" ItemID="57255" RawItemID="0" TypeHash="0" STType="" UIDType="Inner" /></Parent><IsValueFromTheme>false</IsValueFromTheme><IsDynamized>false</IsDynamized><ContiniuosUpdate>false</ContiniuosUpdate></Parameter><Parameter Name="YType" ShortName="YType" Tag="0" Role="YType" Value="1"><ID TaskNumber="0" ItemID="4294967284" RawItemID="0" TypeHash="5" Path="" STType="HMI.SizeType" UIDType="Inner" /><Parent TaskNumber="0" ItemID="57255" RawItemID="0" TypeHash="0" Path="" STType="" UIDType="Inner"><Owner TaskNumber="0" ItemID="57255" RawItemID="0" TypeHash="0" STType="" UIDType="Inner" /></Parent><IsValueFromTheme>false</IsValueFromTheme><IsDynamized>false</IsDynamized><ContiniuosUpdate>false</ContiniuosUpdate></Parameter><Parameter Name="WidthType" ShortName="WidthType" Tag="0" Role="WidthType" Value="1"><ID TaskNumber="0" ItemID="4294967283" RawItemID="0" TypeHash="5" Path="" STType="HMI.SizeType" UIDType="Inner" /><Parent TaskNumber="0" ItemID="57255" RawItemID="0" TypeHash="0" Path="" STType="" UIDType="Inner"><Owner TaskNumber="0" ItemID="57255" RawItemID="0" TypeHash="0" STType="" UIDType="Inner" /></Parent><IsValueFromTheme>false</IsValueFromTheme><IsDynamized>false</IsDynamized><ContiniuosUpdate>false</ContiniuosUpdate></Parameter><Parameter Name="HeightType" ShortName="HeightType" Tag="0" Role="HeightType" Value="1"><ID TaskNumber="0" ItemID="4294967282" RawItemID="0" TypeHash="5" Path="" STType="HMI.SizeType" UIDType="Inner" /><Parent TaskNumber="0" ItemID="57255" RawItemID="0" TypeHash="0" Path="" STType="" UIDType="Inner"><Owner TaskNumber="0" ItemID="57255" RawItemID="0" TypeHash="0" STType="" UIDType="Inner" /></Parent><IsValueFromTheme>false</IsValueFromTheme><IsDynamized>false</IsDynamized><ContiniuosUpdate>false</ContiniuosUpdate></Parameter></Parameters><ObjectId>0</ObjectId><ServerTaskId>-1</ServerTaskId><ServerTaskItemId>0</ServerTaskItemId><HasConnections>false</HasConnections></Element><Element Name="57268" ShortName="Контейнер стартового окна" Tag="57268" TreeObject="АРМ 1"><ID TaskNumber="0" ItemID="57268" RawItemID="0" TypeHash="0" Path="" STType="" UIDType="Inner"><Owner TaskNumber="0" ItemID="57268" RawItemID="0" TypeHash="0" STType="" UIDType="Inner" /></ID><Parent TaskNumber="0" ItemID="57255" RawItemID="0" TypeHash="0" Path="" STType="" UIDType="Inner"><Owner TaskNumber="0" ItemID="57255" RawItemID="0" TypeHash="0" STType="" UIDType="Inner" /></Parent><UsedSTTypes><string>HMI.ResourceType</string><string>DINT</string><string>LREAL</string><string>HMI.SizeType</string><string>HMI.ProportionType</string></UsedSTTypes><TypeID TaskNumber="0" ItemID="5918" RawItemID="0" TypeHash="0" Path="" STType="" UIDType="Inner"><Owner TaskNumber="0" ItemID="5918" RawItemID="0" TypeHash="0" STType="" UIDType="Inner" /></TypeID><Parameters><Parameter Name="Образ" ShortName="57271" Tag="57271" Role="SkinResource" Value=""><ID TaskNumber="0" ItemID="57271" RawItemID="0" TypeHash="4" Path="" STType="HMI.ResourceType" UIDType="Inner"><Owner TaskNumber="0" ItemID="57268" RawItemID="0" TypeHash="0" STType="" UIDType="Inner" /></ID><Parent TaskNumber="0" ItemID="57268" RawItemID="0" TypeHash="0" Path="" STType="" UIDType="Inner"><Owner TaskNumber="0" ItemID="57268" RawItemID="0" TypeHash="0" STType="" UIDType="Inner" /></Parent><IsValueFromTheme>false</IsValueFromTheme><Connections /><IsDynamized>false</IsDynamized><ContiniuosUpdate>false</ContiniuosUpdate></Parameter><Parameter Name="Порядок Z" ShortName="57274" Tag="57274" Role="Z" Value=""><ID TaskNumber="0" ItemID="57274" RawItemID="0" TypeHash="6" Path="" STType="DINT" UIDType="Inner"><Owner TaskNumber="0" ItemID="57268" RawItemID="0" TypeHash="0" STType="" UIDType="Inner" /></ID><Parent TaskNumber="0" ItemID="57268" RawItemID="0" TypeHash="0" Path="" STType="" UIDType="Inner"><Owner TaskNumber="0" ItemID="57268" RawItemID="0" TypeHash="0" STType="" UIDType="Inner" /></Parent><IsValueFromTheme>false</IsValueFromTheme><Connections /><IsDynamized>false</IsDynamized><ContiniuosUpdate>false</ContiniuosUpdate></Parameter><Parameter Name="Ширина" ShortName="57275" Tag="57275" Role="Width" Value="1920"><ID TaskNumber="0" ItemID="57275" RawItemID="0" TypeHash="1" Path="" STType="LREAL" UIDType="Inner"><Owner TaskNumber="0" ItemID="57268" RawItemID="0" TypeHash="0" STType="" UIDType="Inner" /></ID><Parent TaskNumber="0" ItemID="57268" RawItemID="0" TypeHash="0" Path="" STType="" UIDType="Inner"><Owner TaskNumber="0" ItemID="57268" RawItemID="0" TypeHash="0" STType="" UIDType="Inner" /></Parent><IsValueFromTheme>false</IsValueFromTheme><Connections /><IsDynamized>false</IsDynamized><ContiniuosUpdate>false</ContiniuosUpdate></Parameter><Parameter Name="Высота" ShortName="57272" Tag="57272" Role="Height" Value="1080"><ID TaskNumber="0" ItemID="57272" RawItemID="0" TypeHash="1" Path="" STType="LREAL" UIDType="Inner"><Owner TaskNumber="0" ItemID="57268" RawItemID="0" TypeHash="0" STType="" UIDType="Inner" /></ID><Parent TaskNumber="0" ItemID="57268" RawItemID="0" TypeHash="0" Path="" STType="" UIDType="Inner"><Owner TaskNumber="0" ItemID="57268" RawItemID="0" TypeHash="0" STType="" UIDType="Inner" /></Parent><IsValueFromTheme>false</IsValueFromTheme><Connections /><IsDynamized>false</IsDynamized><ContiniuosUpdate>false</ContiniuosUpdate></Parameter><Parameter Name="Клавиатурный индекс" ShortName="57273" Tag="57273" Role="TabIndex" Value=""><ID TaskNumber="0" ItemID="57273" RawItemID="0" TypeHash="6" Path="" STType="DINT" UIDType="Inner"><Owner TaskNumber="0" ItemID="57268" RawItemID="0" TypeHash="0" STType="" UIDType="Inner" /></ID><Parent TaskNumber="0" ItemID="57268" RawItemID="0" TypeHash="0" Path="" STType="" UIDType="Inner"><Owner TaskNumber="0" ItemID="57268" RawItemID="0" TypeHash="0" STType="" UIDType="Inner" /></Parent><IsValueFromTheme>false</IsValueFromTheme><Connections /><IsDynamized>false</IsDynamized><ContiniuosUpdate>false</ContiniuosUpdate></Parameter><Parameter Name="Изображение фона" ShortName="57270" Tag="57270" Role="Resource" Value=""><ID TaskNumber="0" ItemID="57270" RawItemID="0" TypeHash="4" Path="" STType="HMI.ResourceType" UIDType="Inner"><Owner TaskNumber="0" ItemID="57268" RawItemID="0" TypeHash="0" STType="" UIDType="Inner" /></ID><Parent TaskNumber="0" ItemID="57268" RawItemID="0" TypeHash="0" Path="" STType="" UIDType="Inner"><Owner TaskNumber="0" ItemID="57268" RawItemID="0" TypeHash="0" STType="" UIDType="Inner" /></Parent><IsValueFromTheme>false</IsValueFromTheme><Connections /><IsDynamized>false</IsDynamized><ContiniuosUpdate>false</ContiniuosUpdate></Parameter><Parameter Name="Координата X" ShortName="57276" Tag="57276" Role="X" Value="0"><ID TaskNumber="0" ItemID="57276" RawItemID="0" TypeHash="1" Path="" STType="LREAL" UIDType="Inner"><Owner TaskNumber="0" ItemID="57268" RawItemID="0" TypeHash="0" STType="" UIDType="Inner" /></ID><Parent TaskNumber="0" ItemID="57268" RawItemID="0" TypeHash="0" Path="" STType="" UIDType="Inner"><Owner TaskNumber="0" ItemID="57268" RawItemID="0" TypeHash="0" STType="" UIDType="Inner" /></Parent><IsValueFromTheme>false</IsValueFromTheme><Connections /><IsDynamized>false</IsDynamized><ContiniuosUpdate>false</ContiniuosUpdate></Parameter><Parameter Name="Координата Y" ShortName="57277" Tag="57277" Role="Y" Value="0"><ID TaskNumber="0" ItemID="57277" RawItemID="0" TypeHash="1" Path="" STType="LREAL" UIDType="Inner"><Owner TaskNumber="0" ItemID="57268" RawItemID="0" TypeHash="0" STType="" UIDType="Inner" /></ID><Parent TaskNumber="0" ItemID="57268" RawItemID="0" TypeHash="0" Path="" STType="" UIDType="Inner"><Owner TaskNumber="0" ItemID="57268" RawItemID="0" TypeHash="0" STType="" UIDType="Inner" /></Parent><IsValueFromTheme>false</IsValueFromTheme><Connections /><IsDynamized>false</IsDynamized><ContiniuosUpdate>false</ContiniuosUpdate></Parameter><Parameter Name="XType" ShortName="XType" Tag="0" Role="XType" Value="1"><ID TaskNumber="0" ItemID="4294967281" RawItemID="0" TypeHash="5" Path="" STType="HMI.SizeType" UIDType="Inner" /><Parent TaskNumber="0" ItemID="57255" RawItemID="0" TypeHash="0" Path="" STType="" UIDType="Inner"><Owner TaskNumber="0" ItemID="57255" RawItemID="0" TypeHash="0" STType="" UIDType="Inner" /></Parent><IsValueFromTheme>false</IsValueFromTheme><IsDynamized>false</IsDynamized><ContiniuosUpdate>false</ContiniuosUpdate></Parameter><Parameter Name="YType" ShortName="YType" Tag="0" Role="YType" Value="1"><ID TaskNumber="0" ItemID="4294967280" RawItemID="0" TypeHash="5" Path="" STType="HMI.SizeType" UIDType="Inner" /><Parent TaskNumber="0" ItemID="57255" RawItemID="0" TypeHash="0" Path="" STType="" UIDType="Inner"><Owner TaskNumber="0" ItemID="57255" RawItemID="0" TypeHash="0" STType="" UIDType="Inner" /></Parent><IsValueFromTheme>false</IsValueFromTheme><IsDynamized>false</IsDynamized><ContiniuosUpdate>false</ContiniuosUpdate></Parameter><Parameter Name="ProportionType" ShortName="ProportionType" Tag="0" Role="ProportionType" Value="0"><ID TaskNumber="0" ItemID="4294967279" RawItemID="0" TypeHash="5" Path="" STType="HMI.ProportionType" UIDType="Inner" /><Parent TaskNumber="0" ItemID="57255" RawItemID="0" TypeHash="0" Path="" STType="" UIDType="Inner"><Owner TaskNumber="0" ItemID="57255" RawItemID="0" TypeHash="0" STType="" UIDType="Inner" /></Parent><IsValueFromTheme>false</IsValueFromTheme><IsDynamized>false</IsDynamized><ContiniuosUpdate>false</ContiniuosUpdate></Parameter><Parameter Name="WidthType" ShortName="WidthType" Tag="0" Role="WidthType" Value="1"><ID TaskNumber="0" ItemID="4294967278" RawItemID="0" TypeHash="5" Path="" STType="HMI.SizeType" UIDType="Inner" /><Parent TaskNumber="0" ItemID="57255" RawItemID="0" TypeHash="0" Path="" STType="" UIDType="Inner"><Owner TaskNumber="0" ItemID="57255" RawItemID="0" TypeHash="0" STType="" UIDType="Inner" /></Parent><IsValueFromTheme>false</IsValueFromTheme><IsDynamized>false</IsDynamized><ContiniuosUpdate>false</ContiniuosUpdate></Parameter><Parameter Name="HeightType" ShortName="HeightType" Tag="0" Role="HeightType" Value="1"><ID TaskNumber="0" ItemID="4294967277" RawItemID="0" TypeHash="5" Path="" STType="HMI.SizeType" UIDType="Inner" /><Parent TaskNumber="0" ItemID="57255" RawItemID="0" TypeHash="0" Path="" STType="" UIDType="Inner"><Owner TaskNumber="0" ItemID="57255" RawItemID="0" TypeHash="0" STType="" UIDType="Inner" /></Parent><IsValueFromTheme>false</IsValueFromTheme><IsDynamized>false</IsDynamized><ContiniuosUpdate>false</ContiniuosUpdate></Parameter></Parameters><ObjectId>0</ObjectId><ServerTaskId>-1</ServerTaskId><ServerTaskItemId>0</ServerTaskItemId><HasConnections>false</HasConnections></Element></Elements><ObjectId>0</ObjectId><ServerTaskId>-1</ServerTaskId><ServerTaskItemId>0</ServerTaskItemId><Role>Window</Role><HasConnections>false</HasConnections></Element>