﻿<?xml version="1.0" encoding="utf-8"?><Element xmlns:xsi="http://www.w3.org/2001/XMLSchema-instance" xmlns:xsd="http://www.w3.org/2001/XMLSchema" Name="5187" ShortName="Линия" UngroupedName="Примитивы.Линия" Tag="5187"><ID TaskNumber="0" ItemID="5187" RawItemID="0" TypeHash="0" Path="" STType="" UIDType="Inner"><Owner TaskNumber="0" ItemID="5187" RawItemID="0" TypeHash="0" STType="" UIDType="Inner" /></ID><UsedSTTypes><string>STRING</string><string>DINT</string><string>LREAL</string><string>HMI.SolidColorType</string><string>HMI.GradientColorType</string><string>HMI.BorderStyleType</string><string>BOOL</string><string>HMI.TileType</string><string>HMI.DockType</string><string>HMI.HorizontalAlignType</string><string>HMI.VerticalAlignType</string><string>HMI.MouseCursorKinds</string><string>HMI.SizeType</string><string>HMI.ProportionType</string></UsedSTTypes><Parameters><Parameter Name="Образ" ShortName="5110" Tag="5110" Role="SkinResource" Value=""><ID TaskNumber="0" ItemID="5110" RawItemID="0" TypeHash="4" Path="" STType="STRING" UIDType="Inner"><Owner TaskNumber="0" ItemID="5187" RawItemID="0" TypeHash="0" STType="" UIDType="Inner" /></ID><Parent TaskNumber="0" ItemID="5187" RawItemID="0" TypeHash="0" Path="" STType="" UIDType="Inner"><Owner TaskNumber="0" ItemID="5187" RawItemID="0" TypeHash="0" STType="" UIDType="Inner" /></Parent><IsValueFromTheme>false</IsValueFromTheme><HasSubTypeName>true</HasSubTypeName><Connections /><IsDynamized>false</IsDynamized><ContiniuosUpdate>false</ContiniuosUpdate></Parameter><Parameter Name="Порядок Z" ShortName="5111" Tag="5111" Role="Z" Value="0"><ID TaskNumber="0" ItemID="5111" RawItemID="0" TypeHash="6" Path="" STType="DINT" UIDType="Inner"><Owner TaskNumber="0" ItemID="5187" RawItemID="0" TypeHash="0" STType="" UIDType="Inner" /></ID><Parent TaskNumber="0" ItemID="5187" RawItemID="0" TypeHash="0" Path="" STType="" UIDType="Inner"><Owner TaskNumber="0" ItemID="5187" RawItemID="0" TypeHash="0" STType="" UIDType="Inner" /></Parent><IsValueFromTheme>false</IsValueFromTheme><HasSubTypeName>true</HasSubTypeName><Connections /><IsDynamized>false</IsDynamized><ContiniuosUpdate>false</ContiniuosUpdate></Parameter><Parameter Name="Ширина" ShortName="5090" Tag="5090" Role="Width" Value="80"><ID TaskNumber="0" ItemID="5090" RawItemID="0" TypeHash="1" Path="" STType="LREAL" UIDType="Inner"><Owner TaskNumber="0" ItemID="5187" RawItemID="0" TypeHash="0" STType="" UIDType="Inner" /></ID><Parent TaskNumber="0" ItemID="5187" RawItemID="0" TypeHash="0" Path="" STType="" UIDType="Inner"><Owner TaskNumber="0" ItemID="5187" RawItemID="0" TypeHash="0" STType="" UIDType="Inner" /></Parent><IsValueFromTheme>false</IsValueFromTheme><HasSubTypeName>true</HasSubTypeName><Connections /><IsDynamized>false</IsDynamized><ContiniuosUpdate>false</ContiniuosUpdate></Parameter><Parameter Name="Высота" ShortName="5091" Tag="5091" Role="Height" Value="0"><ID TaskNumber="0" ItemID="5091" RawItemID="0" TypeHash="1" Path="" STType="LREAL" UIDType="Inner"><Owner TaskNumber="0" ItemID="5187" RawItemID="0" TypeHash="0" STType="" UIDType="Inner" /></ID><Parent TaskNumber="0" ItemID="5187" RawItemID="0" TypeHash="0" Path="" STType="" UIDType="Inner"><Owner TaskNumber="0" ItemID="5187" RawItemID="0" TypeHash="0" STType="" UIDType="Inner" /></Parent><IsValueFromTheme>false</IsValueFromTheme><HasSubTypeName>true</HasSubTypeName><Connections /><IsDynamized>false</IsDynamized><ContiniuosUpdate>false</ContiniuosUpdate></Parameter><Parameter Name="Угол поворота" ShortName="5092" Tag="5092" Role="Angle" Value="0"><ID TaskNumber="0" ItemID="5092" RawItemID="0" TypeHash="1" Path="" STType="LREAL" UIDType="Inner"><Owner TaskNumber="0" ItemID="5187" RawItemID="0" TypeHash="0" STType="" UIDType="Inner" /></ID><Parent TaskNumber="0" ItemID="5187" RawItemID="0" TypeHash="0" Path="" STType="" UIDType="Inner"><Owner TaskNumber="0" ItemID="5187" RawItemID="0" TypeHash="0" STType="" UIDType="Inner" /></Parent><IsValueFromTheme>false</IsValueFromTheme><HasSubTypeName>true</HasSubTypeName><Connections /><IsDynamized>false</IsDynamized><ContiniuosUpdate>false</ContiniuosUpdate></Parameter><Parameter Name="Масштаб X" ShortName="5093" Tag="5093" Role="ScaleX" Value="1"><ID TaskNumber="0" ItemID="5093" RawItemID="0" TypeHash="1" Path="" STType="LREAL" UIDType="Inner"><Owner TaskNumber="0" ItemID="5187" RawItemID="0" TypeHash="0" STType="" UIDType="Inner" /></ID><Parent TaskNumber="0" ItemID="5187" RawItemID="0" TypeHash="0" Path="" STType="" UIDType="Inner"><Owner TaskNumber="0" ItemID="5187" RawItemID="0" TypeHash="0" STType="" UIDType="Inner" /></Parent><IsValueFromTheme>false</IsValueFromTheme><HasSubTypeName>true</HasSubTypeName><Connections /><IsDynamized>false</IsDynamized><ContiniuosUpdate>false</ContiniuosUpdate></Parameter><Parameter Name="Масштаб Y" ShortName="5094" Tag="5094" Role="ScaleY" Value="1"><ID TaskNumber="0" ItemID="5094" RawItemID="0" TypeHash="1" Path="" STType="LREAL" UIDType="Inner"><Owner TaskNumber="0" ItemID="5187" RawItemID="0" TypeHash="0" STType="" UIDType="Inner" /></ID><Parent TaskNumber="0" ItemID="5187" RawItemID="0" TypeHash="0" Path="" STType="" UIDType="Inner"><Owner TaskNumber="0" ItemID="5187" RawItemID="0" TypeHash="0" STType="" UIDType="Inner" /></Parent><IsValueFromTheme>false</IsValueFromTheme><HasSubTypeName>true</HasSubTypeName><Connections /><IsDynamized>false</IsDynamized><ContiniuosUpdate>false</ContiniuosUpdate></Parameter><Parameter Name="Толщина линии" ShortName="5095" Tag="5095" Role="BorderThickness" Value="2"><ID TaskNumber="0" ItemID="5095" RawItemID="0" TypeHash="1" Path="" STType="LREAL" UIDType="Inner"><Owner TaskNumber="0" ItemID="5187" RawItemID="0" TypeHash="0" STType="" UIDType="Inner" /></ID><Parent TaskNumber="0" ItemID="5187" RawItemID="0" TypeHash="0" Path="" STType="" UIDType="Inner"><Owner TaskNumber="0" ItemID="5187" RawItemID="0" TypeHash="0" STType="" UIDType="Inner" /></Parent><IsValueFromTheme>false</IsValueFromTheme><HasSubTypeName>true</HasSubTypeName><Connections /><IsDynamized>false</IsDynamized><ContiniuosUpdate>false</ContiniuosUpdate></Parameter><Parameter Name="Цвет линии" ShortName="5096" Tag="5096" Role="BorderColor" Value="BLACK"><ID TaskNumber="0" ItemID="5096" RawItemID="0" TypeHash="4" Path="" STType="HMI.SolidColorType" UIDType="Inner"><Owner TaskNumber="0" ItemID="5187" RawItemID="0" TypeHash="0" STType="" UIDType="Inner" /></ID><Parent TaskNumber="0" ItemID="5187" RawItemID="0" TypeHash="0" Path="" STType="" UIDType="Inner"><Owner TaskNumber="0" ItemID="5187" RawItemID="0" TypeHash="0" STType="" UIDType="Inner" /></Parent><IsValueFromTheme>false</IsValueFromTheme><HasSubTypeName>true</HasSubTypeName><Connections /><IsDynamized>false</IsDynamized><ContiniuosUpdate>false</ContiniuosUpdate></Parameter><Parameter Name="Заливка фона" ShortName="5097" Tag="5097" Role="BackgroundColor" Value="TRANSPARENT"><ID TaskNumber="0" ItemID="5097" RawItemID="0" TypeHash="4" Path="" STType="HMI.GradientColorType" UIDType="Inner"><Owner TaskNumber="0" ItemID="5187" RawItemID="0" TypeHash="0" STType="" UIDType="Inner" /></ID><Parent TaskNumber="0" ItemID="5187" RawItemID="0" TypeHash="0" Path="" STType="" UIDType="Inner"><Owner TaskNumber="0" ItemID="5187" RawItemID="0" TypeHash="0" STType="" UIDType="Inner" /></Parent><IsValueFromTheme>false</IsValueFromTheme><HasSubTypeName>true</HasSubTypeName><Connections /><IsDynamized>false</IsDynamized><ContiniuosUpdate>false</ContiniuosUpdate></Parameter><Parameter Name="Прозрачность" ShortName="5098" Tag="5098" Role="Opacity" Value="100"><ID TaskNumber="0" ItemID="5098" RawItemID="0" TypeHash="1" Path="" STType="LREAL" UIDType="Inner"><Owner TaskNumber="0" ItemID="5187" RawItemID="0" TypeHash="0" STType="" UIDType="Inner" /></ID><Parent TaskNumber="0" ItemID="5187" RawItemID="0" TypeHash="0" Path="" STType="" UIDType="Inner"><Owner TaskNumber="0" ItemID="5187" RawItemID="0" TypeHash="0" STType="" UIDType="Inner" /></Parent><IsValueFromTheme>false</IsValueFromTheme><HasSubTypeName>true</HasSubTypeName><Connections /><IsDynamized>false</IsDynamized><ContiniuosUpdate>false</ContiniuosUpdate></Parameter><Parameter Name="Стиль линии" ShortName="5089" Tag="5089" Role="BorderStyle" Value="0"><ID TaskNumber="0" ItemID="5089" RawItemID="0" TypeHash="5" Path="" STType="HMI.BorderStyleType" UIDType="Inner"><Owner TaskNumber="0" ItemID="5187" RawItemID="0" TypeHash="0" STType="" UIDType="Inner" /></ID><Parent TaskNumber="0" ItemID="5187" RawItemID="0" TypeHash="0" Path="" STType="" UIDType="Inner"><Owner TaskNumber="0" ItemID="5187" RawItemID="0" TypeHash="0" STType="" UIDType="Inner" /></Parent><IsValueFromTheme>false</IsValueFromTheme><HasSubTypeName>true</HasSubTypeName><Connections /><IsDynamized>false</IsDynamized><ContiniuosUpdate>false</ContiniuosUpdate></Parameter><Parameter Name="Всплывающая подсказка" ShortName="5099" Tag="5099" Role="ToolTip" Value=""><ID TaskNumber="0" ItemID="5099" RawItemID="0" TypeHash="4" Path="" STType="STRING" UIDType="Inner"><Owner TaskNumber="0" ItemID="5187" RawItemID="0" TypeHash="0" STType="" UIDType="Inner" /></ID><Parent TaskNumber="0" ItemID="5187" RawItemID="0" TypeHash="0" Path="" STType="" UIDType="Inner"><Owner TaskNumber="0" ItemID="5187" RawItemID="0" TypeHash="0" STType="" UIDType="Inner" /></Parent><IsValueFromTheme>false</IsValueFromTheme><HasSubTypeName>true</HasSubTypeName><Connections /><IsDynamized>false</IsDynamized><ContiniuosUpdate>false</ContiniuosUpdate></Parameter><Parameter Name="Мигание" ShortName="5100" Tag="5100" Role="Flash" Value="False"><ID TaskNumber="0" ItemID="5100" RawItemID="0" TypeHash="3" Path="" STType="BOOL" UIDType="Inner"><Owner TaskNumber="0" ItemID="5187" RawItemID="0" TypeHash="0" STType="" UIDType="Inner" /></ID><Parent TaskNumber="0" ItemID="5187" RawItemID="0" TypeHash="0" Path="" STType="" UIDType="Inner"><Owner TaskNumber="0" ItemID="5187" RawItemID="0" TypeHash="0" STType="" UIDType="Inner" /></Parent><IsValueFromTheme>false</IsValueFromTheme><HasSubTypeName>true</HasSubTypeName><Connections /><IsDynamized>false</IsDynamized><ContiniuosUpdate>false</ContiniuosUpdate></Parameter><Parameter Name="Размер тени" ShortName="5101" Tag="5101" Role="ShadowSize" Value="0"><ID TaskNumber="0" ItemID="5101" RawItemID="0" TypeHash="6" Path="" STType="DINT" UIDType="Inner"><Owner TaskNumber="0" ItemID="5187" RawItemID="0" TypeHash="0" STType="" UIDType="Inner" /></ID><Parent TaskNumber="0" ItemID="5187" RawItemID="0" TypeHash="0" Path="" STType="" UIDType="Inner"><Owner TaskNumber="0" ItemID="5187" RawItemID="0" TypeHash="0" STType="" UIDType="Inner" /></Parent><IsValueFromTheme>false</IsValueFromTheme><HasSubTypeName>true</HasSubTypeName><Connections /><IsDynamized>false</IsDynamized><ContiniuosUpdate>false</ContiniuosUpdate></Parameter><Parameter Name="Цвет тени" ShortName="5102" Tag="5102" Role="ShadowColor" Value="rgb(240,240,240)"><ID TaskNumber="0" ItemID="5102" RawItemID="0" TypeHash="4" Path="" STType="HMI.SolidColorType" UIDType="Inner"><Owner TaskNumber="0" ItemID="5187" RawItemID="0" TypeHash="0" STType="" UIDType="Inner" /></ID><Parent TaskNumber="0" ItemID="5187" RawItemID="0" TypeHash="0" Path="" STType="" UIDType="Inner"><Owner TaskNumber="0" ItemID="5187" RawItemID="0" TypeHash="0" STType="" UIDType="Inner" /></Parent><IsValueFromTheme>false</IsValueFromTheme><HasSubTypeName>true</HasSubTypeName><Connections /><IsDynamized>false</IsDynamized><ContiniuosUpdate>false</ContiniuosUpdate></Parameter><Parameter Name="Изображение фона" ShortName="5103" Tag="5103" Role="Resource" Value=""><ID TaskNumber="0" ItemID="5103" RawItemID="0" TypeHash="4" Path="" STType="STRING" UIDType="Inner"><Owner TaskNumber="0" ItemID="5187" RawItemID="0" TypeHash="0" STType="" UIDType="Inner" /></ID><Parent TaskNumber="0" ItemID="5187" RawItemID="0" TypeHash="0" Path="" STType="" UIDType="Inner"><Owner TaskNumber="0" ItemID="5187" RawItemID="0" TypeHash="0" STType="" UIDType="Inner" /></Parent><IsValueFromTheme>false</IsValueFromTheme><HasSubTypeName>true</HasSubTypeName><Connections /><IsDynamized>false</IsDynamized><ContiniuosUpdate>false</ContiniuosUpdate></Parameter><Parameter Name="Замостка фона" ShortName="5104" Tag="5104" Role="BackgroundTile" Value="2"><ID TaskNumber="0" ItemID="5104" RawItemID="0" TypeHash="5" Path="" STType="HMI.TileType" UIDType="Inner"><Owner TaskNumber="0" ItemID="5187" RawItemID="0" TypeHash="0" STType="" UIDType="Inner" /></ID><Parent TaskNumber="0" ItemID="5187" RawItemID="0" TypeHash="0" Path="" STType="" UIDType="Inner"><Owner TaskNumber="0" ItemID="5187" RawItemID="0" TypeHash="0" STType="" UIDType="Inner" /></Parent><IsValueFromTheme>false</IsValueFromTheme><HasSubTypeName>true</HasSubTypeName><Connections /><IsDynamized>false</IsDynamized><ContiniuosUpdate>false</ContiniuosUpdate></Parameter><Parameter Name="Видимость" ShortName="5105" Tag="5105" Role="IsVisible" Value="True"><ID TaskNumber="0" ItemID="5105" RawItemID="0" TypeHash="3" Path="" STType="BOOL" UIDType="Inner"><Owner TaskNumber="0" ItemID="5187" RawItemID="0" TypeHash="0" STType="" UIDType="Inner" /></ID><Parent TaskNumber="0" ItemID="5187" RawItemID="0" TypeHash="0" Path="" STType="" UIDType="Inner"><Owner TaskNumber="0" ItemID="5187" RawItemID="0" TypeHash="0" STType="" UIDType="Inner" /></Parent><IsValueFromTheme>false</IsValueFromTheme><HasSubTypeName>true</HasSubTypeName><Connections /><IsDynamized>false</IsDynamized><ContiniuosUpdate>false</ContiniuosUpdate></Parameter><Parameter Name="Активность" ShortName="5106" Tag="5106" Role="IsEnabled" Value="True"><ID TaskNumber="0" ItemID="5106" RawItemID="0" TypeHash="3" Path="" STType="BOOL" UIDType="Inner"><Owner TaskNumber="0" ItemID="5187" RawItemID="0" TypeHash="0" STType="" UIDType="Inner" /></ID><Parent TaskNumber="0" ItemID="5187" RawItemID="0" TypeHash="0" Path="" STType="" UIDType="Inner"><Owner TaskNumber="0" ItemID="5187" RawItemID="0" TypeHash="0" STType="" UIDType="Inner" /></Parent><IsValueFromTheme>false</IsValueFromTheme><HasSubTypeName>true</HasSubTypeName><Connections /><IsDynamized>false</IsDynamized><ContiniuosUpdate>false</ContiniuosUpdate></Parameter><Parameter Name="Клавиатурный индекс" ShortName="5107" Tag="5107" Role="TabIndex" Value="0"><ID TaskNumber="0" ItemID="5107" RawItemID="0" TypeHash="6" Path="" STType="DINT" UIDType="Inner"><Owner TaskNumber="0" ItemID="5187" RawItemID="0" TypeHash="0" STType="" UIDType="Inner" /></ID><Parent TaskNumber="0" ItemID="5187" RawItemID="0" TypeHash="0" Path="" STType="" UIDType="Inner"><Owner TaskNumber="0" ItemID="5187" RawItemID="0" TypeHash="0" STType="" UIDType="Inner" /></Parent><IsValueFromTheme>false</IsValueFromTheme><HasSubTypeName>true</HasSubTypeName><Connections /><IsDynamized>false</IsDynamized><ContiniuosUpdate>false</ContiniuosUpdate></Parameter><Parameter Name="Координата X" ShortName="5108" Tag="5108" Role="X" Value="0"><ID TaskNumber="0" ItemID="5108" RawItemID="0" TypeHash="1" Path="" STType="LREAL" UIDType="Inner"><Owner TaskNumber="0" ItemID="5187" RawItemID="0" TypeHash="0" STType="" UIDType="Inner" /></ID><Parent TaskNumber="0" ItemID="5187" RawItemID="0" TypeHash="0" Path="" STType="" UIDType="Inner"><Owner TaskNumber="0" ItemID="5187" RawItemID="0" TypeHash="0" STType="" UIDType="Inner" /></Parent><IsValueFromTheme>false</IsValueFromTheme><HasSubTypeName>true</HasSubTypeName><Connections /><IsDynamized>false</IsDynamized><ContiniuosUpdate>false</ContiniuosUpdate></Parameter><Parameter Name="Координата Y" ShortName="5109" Tag="5109" Role="Y" Value="0"><ID TaskNumber="0" ItemID="5109" RawItemID="0" TypeHash="1" Path="" STType="LREAL" UIDType="Inner"><Owner TaskNumber="0" ItemID="5187" RawItemID="0" TypeHash="0" STType="" UIDType="Inner" /></ID><Parent TaskNumber="0" ItemID="5187" RawItemID="0" TypeHash="0" Path="" STType="" UIDType="Inner"><Owner TaskNumber="0" ItemID="5187" RawItemID="0" TypeHash="0" STType="" UIDType="Inner" /></Parent><IsValueFromTheme>false</IsValueFromTheme><HasSubTypeName>true</HasSubTypeName><Connections /><IsDynamized>false</IsDynamized><ContiniuosUpdate>false</ContiniuosUpdate></Parameter><Parameter Name="Положение" ShortName="5112" Tag="5112" Role="DockStyle" Value="3"><ID TaskNumber="0" ItemID="5112" RawItemID="0" TypeHash="5" Path="" STType="HMI.DockType" UIDType="Inner"><Owner TaskNumber="0" ItemID="5187" RawItemID="0" TypeHash="0" STType="" UIDType="Inner" /></ID><Parent TaskNumber="0" ItemID="5187" RawItemID="0" TypeHash="0" Path="" STType="" UIDType="Inner"><Owner TaskNumber="0" ItemID="5187" RawItemID="0" TypeHash="0" STType="" UIDType="Inner" /></Parent><IsValueFromTheme>false</IsValueFromTheme><HasSubTypeName>true</HasSubTypeName><Connections /><IsDynamized>false</IsDynamized><ContiniuosUpdate>false</ContiniuosUpdate></Parameter><Parameter Name="Горизонтальное выравнивание" ShortName="5113" Tag="5113" Role="HorizontalAlign" Value="1"><ID TaskNumber="0" ItemID="5113" RawItemID="0" TypeHash="5" Path="" STType="HMI.HorizontalAlignType" UIDType="Inner"><Owner TaskNumber="0" ItemID="5187" RawItemID="0" TypeHash="0" STType="" UIDType="Inner" /></ID><Parent TaskNumber="0" ItemID="5187" RawItemID="0" TypeHash="0" Path="" STType="" UIDType="Inner"><Owner TaskNumber="0" ItemID="5187" RawItemID="0" TypeHash="0" STType="" UIDType="Inner" /></Parent><IsValueFromTheme>false</IsValueFromTheme><HasSubTypeName>true</HasSubTypeName><Connections /><IsDynamized>false</IsDynamized><ContiniuosUpdate>false</ContiniuosUpdate></Parameter><Parameter Name="Вертикальное выравнивание" ShortName="5114" Tag="5114" Role="VerticalAlign" Value="1"><ID TaskNumber="0" ItemID="5114" RawItemID="0" TypeHash="5" Path="" STType="HMI.VerticalAlignType" UIDType="Inner"><Owner TaskNumber="0" ItemID="5187" RawItemID="0" TypeHash="0" STType="" UIDType="Inner" /></ID><Parent TaskNumber="0" ItemID="5187" RawItemID="0" TypeHash="0" Path="" STType="" UIDType="Inner"><Owner TaskNumber="0" ItemID="5187" RawItemID="0" TypeHash="0" STType="" UIDType="Inner" /></Parent><IsValueFromTheme>false</IsValueFromTheme><HasSubTypeName>true</HasSubTypeName><Connections /><IsDynamized>false</IsDynamized><ContiniuosUpdate>false</ContiniuosUpdate></Parameter><Parameter Name="Вид курсора" ShortName="5115" Tag="5115" Role="MouseCursorKind" Value="0"><ID TaskNumber="0" ItemID="5115" RawItemID="0" TypeHash="5" Path="" STType="HMI.MouseCursorKinds" UIDType="Inner"><Owner TaskNumber="0" ItemID="5187" RawItemID="0" TypeHash="0" STType="" UIDType="Inner" /></ID><Parent TaskNumber="0" ItemID="5187" RawItemID="0" TypeHash="0" Path="" STType="" UIDType="Inner"><Owner TaskNumber="0" ItemID="5187" RawItemID="0" TypeHash="0" STType="" UIDType="Inner" /></Parent><IsValueFromTheme>false</IsValueFromTheme><HasSubTypeName>true</HasSubTypeName><Connections /><IsDynamized>false</IsDynamized><ContiniuosUpdate>false</ContiniuosUpdate></Parameter><Parameter Name="XType" ShortName="XType" Tag="0" Role="XType" Value="1"><ID TaskNumber="0" ItemID="4294967275" RawItemID="0" TypeHash="5" Path="" STType="HMI.SizeType" UIDType="Inner" /><IsValueFromTheme>false</IsValueFromTheme><HasSubTypeName>true</HasSubTypeName><IsDynamized>false</IsDynamized><ContiniuosUpdate>false</ContiniuosUpdate></Parameter><Parameter Name="YType" ShortName="YType" Tag="0" Role="YType" Value="1"><ID TaskNumber="0" ItemID="4294967274" RawItemID="0" TypeHash="5" Path="" STType="HMI.SizeType" UIDType="Inner" /><IsValueFromTheme>false</IsValueFromTheme><HasSubTypeName>true</HasSubTypeName><IsDynamized>false</IsDynamized><ContiniuosUpdate>false</ContiniuosUpdate></Parameter><Parameter Name="ProportionType" ShortName="ProportionType" Tag="0" Role="ProportionType" Value="4"><ID TaskNumber="0" ItemID="4294967273" RawItemID="0" TypeHash="5" Path="" STType="HMI.ProportionType" UIDType="Inner" /><IsValueFromTheme>false</IsValueFromTheme><HasSubTypeName>true</HasSubTypeName><IsDynamized>false</IsDynamized><ContiniuosUpdate>false</ContiniuosUpdate></Parameter><Parameter Name="WidthType" ShortName="WidthType" Tag="0" Role="WidthType" Value="1"><ID TaskNumber="0" ItemID="4294967272" RawItemID="0" TypeHash="5" Path="" STType="HMI.SizeType" UIDType="Inner" /><IsValueFromTheme>false</IsValueFromTheme><HasSubTypeName>true</HasSubTypeName><IsDynamized>false</IsDynamized><ContiniuosUpdate>false</ContiniuosUpdate></Parameter><Parameter Name="HeightType" ShortName="HeightType" Tag="0" Role="HeightType" Value="1"><ID TaskNumber="0" ItemID="4294967271" RawItemID="0" TypeHash="5" Path="" STType="HMI.SizeType" UIDType="Inner" /><IsValueFromTheme>false</IsValueFromTheme><HasSubTypeName>true</HasSubTypeName><IsDynamized>false</IsDynamized><ContiniuosUpdate>false</ContiniuosUpdate></Parameter></Parameters><ObjectId>0</ObjectId><ServerTaskId>-1</ServerTaskId><ServerTaskItemId>0</ServerTaskItemId><Role>Line</Role><HasConnections>false</HasConnections></Element>